#
# There is insufficient memory for the Java Runtime Environment to continue.
# Native memory allocation (mmap) failed to map 1008730112 bytes. Error detail: G1 virtual space
# Possible reasons:
#   The system is out of physical RAM or swap space
#   This process is running with CompressedOops enabled, and the Java Heap may be blocking the growth of the native heap
# Possible solutions:
#   Reduce memory load on the system
#   Increase physical memory or swap space
#   Check if swap backing store is full
#   Decrease Java heap size (-Xmx/-Xms)
#   Decrease number of Java threads
#   Decrease Java thread stack sizes (-Xss)
#   Set larger code cache with -XX:ReservedCodeCacheSize=
#   JVM is running with Zero Based Compressed Oops mode in which the Java heap is
#     placed in the first 32GB address space. The Java Heap base address is the
#     maximum limit for the native heap growth. Please use -XX:HeapBaseMinAddress
#     to set the Java Heap base and to place the Java Heap above 32GB virtual address.
# This output file may be truncated or incomplete.
#
#  Out of Memory Error (os_windows.cpp:3714), pid=15300, tid=23748
#
# JRE version: OpenJDK Runtime Environment Zulu21.50+19-CA (21.0.11+10) (build 21.0.11+10-LTS)
# Java VM: OpenJDK 64-Bit Server VM Zulu21.50+19-CA (21.0.11+10-LTS, mixed mode, sharing, tiered, compressed oops, compressed class ptrs, g1 gc, windows-amd64)
# No core dump will be written. Minidumps are not enabled by default on client versions of Windows
#

---------------  S U M M A R Y ------------

Command Line: --add-opens=java.base/java.lang=ALL-UNNAMED --add-opens=java.base/java.lang.invoke=ALL-UNNAMED --add-opens=java.base/java.util=ALL-UNNAMED --add-opens=java.prefs/java.util.prefs=ALL-UNNAMED --add-exports=jdk.compiler/com.sun.tools.javac.api=ALL-UNNAMED --add-exports=jdk.compiler/com.sun.tools.javac.util=ALL-UNNAMED --add-opens=java.base/java.util=ALL-UNNAMED --add-opens=java.prefs/java.util.prefs=ALL-UNNAMED --add-opens=java.base/java.nio.charset=ALL-UNNAMED --add-opens=java.base/java.net=ALL-UNNAMED --add-opens=java.base/java.util.concurrent=ALL-UNNAMED --add-opens=java.base/java.util.concurrent.atomic=ALL-UNNAMED --add-opens=java.xml/javax.xml.namespace=ALL-UNNAMED --add-opens=java.base/java.time=ALL-UNNAMED -Xmx4096M -Dfile.encoding=UTF-8 -Duser.country=ES -Duser.language=es -Duser.variant -javaagent:C:\Users\Admin\.gradle\wrapper\dists\gradle-9.1.0-bin\9agqghryom9wkf8r80qlhnts3\gradle-9.1.0\lib\agents\gradle-instrumentation-agent-9.1.0.jar org.gradle.launcher.daemon.bootstrap.GradleDaemon 9.1.0

Host: Intel(R) Core(TM) i7-8565U CPU @ 1.80GHz, 8 cores, 7G,  Windows 11 , 64 bit Build 26100 (10.0.26100.9444)
Time: Mon Sep 28 18:56:28 2026 Hora estándar oeste, Sudamérica elapsed time: 1636.607156 seconds (0d 0h 27m 16s)

---------------  T H R E A D  ---------------

Current thread (0x000002453b497520):  VMThread "VM Thread"          [id=23748, stack(0x000000c47b100000,0x000000c47b200000) (1024K)]

Stack: [0x000000c47b100000,0x000000c47b200000]
Native frames: (J=compiled Java code, j=interpreted, Vv=VM code, C=native code)
V  [jvm.dll+0x702609]
V  [jvm.dll+0x8e6e6f]
V  [jvm.dll+0x8e9318]
V  [jvm.dll+0x8e9a83]
V  [jvm.dll+0x29bff6]
V  [jvm.dll+0x6fecf5]
V  [jvm.dll+0x6f269a]
V  [jvm.dll+0x378fea]
V  [jvm.dll+0x380eb6]
V  [jvm.dll+0x3d5c25]
V  [jvm.dll+0x3d5ee8]
V  [jvm.dll+0x34ade3]
V  [jvm.dll+0x34ae77]
V  [jvm.dll+0x3918fc]
V  [jvm.dll+0x390112]
V  [jvm.dll+0x34a581]
V  [jvm.dll+0x38f7ca]
V  [jvm.dll+0x8efa06]
V  [jvm.dll+0x8f0dee]
V  [jvm.dll+0x8f1330]
V  [jvm.dll+0x8f15d3]
V  [jvm.dll+0x88f476]
V  [jvm.dll+0x700cc4]
C  [ucrtbase.dll+0x2cd30]
C  [KERNEL32.DLL+0x2cd87]
C  [ntdll.dll+0xacaec]

VM_Operation (0x000000c4039fa500): G1CollectForAllocation, mode: safepoint, requested by thread 0x000002450ed326c0


---------------  P R O C E S S  ---------------

Threads class SMR info:
_java_thread_list=0x000002450e4f93c0, length=156, elements={
0x000002451b34bf40, 0x000002453b4b4a30, 0x000002453b4b5590, 0x000002453b4bd8b0,
0x000002453b4be7a0, 0x000002453b4bf3b0, 0x000002453b4c0910, 0x000002453b4c31f0,
0x000002453b4d2bb0, 0x000002453bca81f0, 0x000002453bd24130, 0x000002457e87f790,
0x000002457df72010, 0x000002457ead2fb0, 0x000002457e9c3b00, 0x000002457e9c20c0,
0x000002457e9c2750, 0x0000024505b04a10, 0x0000024505b06450, 0x0000024505b03660,
0x0000024505b050a0, 0x0000024505b05730, 0x0000024505b02fd0, 0x0000024505b07800,
0x0000024505b09f60, 0x0000024505b098d0, 0x0000024505b08520, 0x0000024505b09240,
0x000002450656c9a0, 0x000002450638ea70, 0x0000024506390b40, 0x00000245063911d0,
0x0000024506391860, 0x0000024506392580, 0x000002450638f790, 0x0000024506391ef0,
0x000002450638fe20, 0x000002450638f100, 0x0000024506393fc0, 0x0000024506395a00,
0x00000245063932a0, 0x0000024506393930, 0x0000024506396090, 0x0000024506392c10,
0x00000245063987f0, 0x0000024506396720, 0x0000024506396db0, 0x0000024506398160,
0x0000024506399510, 0x0000024506399ba0, 0x000002450639a8c0, 0x0000024506397ad0,
0x000002450639a230, 0x0000024506397440, 0x000002450639d020, 0x000002450639c300,
0x000002450639c990, 0x000002450639b5e0, 0x000002450639bc70, 0x000002450639d6b0,
0x000002450639dd40, 0x000002450ed2bdc0, 0x000002450ed2b730, 0x000002450ed28fd0,
0x000002450ed2b0a0, 0x000002450ed2aa10, 0x000002450ed2cae0, 0x000002450ed29cf0,
0x000002450ed29660, 0x000002450ed2ff60, 0x000002450ed305f0, 0x000002450ed2f240,
0x000002450ed2f8d0, 0x000002450ed30c80, 0x000002450ed2ebb0, 0x000002450ed2d800,
0x000002450ed31310, 0x000002450ed319a0, 0x000002450ed2e520, 0x000002450ed33a70,
0x000002450ed34790, 0x000002450ed34100, 0x000002450ed333e0, 0x000002450ed34e20,
0x000002450ed326c0, 0x000002450ed354b0, 0x000002450ed32030, 0x000002450ed35b40,
0x000002450ed2c450, 0x000002450ed36860, 0x000002450ed36ef0, 0x000002450ed37c10,
0x000002450ed382a0, 0x000002450de90ae0, 0x000002450de91170, 0x000002450de91e90,
0x000002450de91800, 0x000002450de8fdc0, 0x000002450de92520, 0x000002450de8f0a0,
0x000002450de92bb0, 0x000002450de8f730, 0x000002450de93240, 0x000002450de938d0,
0x000002450de90450, 0x000002450de959a0, 0x000002450de93f60, 0x000002450de97a70,
0x000002450de96030, 0x000002450de96d50, 0x000002450de966c0, 0x000002450de98100,
0x000002450de94c80, 0x000002450de98790, 0x000002450de95310, 0x000002450de9b580,
0x000002450de9aef0, 0x000002450de9a860, 0x000002450de9c2a0, 0x000002450de9bc10,
0x000002450de98e20, 0x000002450de99b40, 0x000002450de9c930, 0x000002450de994b0,
0x000002450de9cfc0, 0x000002450de9a1d0, 0x000002450de9d650, 0x000002450de9e370,
0x000002450de9dce0, 0x00000245051e7840, 0x00000245051e43c0, 0x00000245051e7ed0,
0x00000245051ea630, 0x00000245051ec070, 0x00000245051eb350, 0x00000245051e9280,
0x00000245051eb9e0, 0x00000245051eacc0, 0x00000245051ef4f0, 0x000002450ea734a0,
0x000002450ea70d40, 0x000002450ea76290, 0x000002450ea74850, 0x000002450ea76920,
0x000002450ea74ee0, 0x00000245053bda60, 0x000002457e9c4820, 0x000002450ea8cb80,
0x000002450ea8b140, 0x000002450ea8be60, 0x000002450ea8ec50, 0x000002450ed2a380,
0x000002450ed361d0, 0x000002450ed37580, 0x0000024515c25750, 0x0000024515c250c0
}

Java Threads: ( => current thread )
  0x000002451b34bf40 JavaThread "main"                              [_thread_blocked, id=17460, stack(0x000000c47aa00000,0x000000c47ab00000) (1024K)]
  0x000002453b4b4a30 JavaThread "Reference Handler"          daemon [_thread_blocked, id=17656, stack(0x000000c47b200000,0x000000c47b300000) (1024K)]
  0x000002453b4b5590 JavaThread "Finalizer"                  daemon [_thread_blocked, id=1900, stack(0x000000c47b300000,0x000000c47b400000) (1024K)]
  0x000002453b4bd8b0 JavaThread "Signal Dispatcher"          daemon [_thread_blocked, id=22900, stack(0x000000c47b400000,0x000000c47b500000) (1024K)]
  0x000002453b4be7a0 JavaThread "Attach Listener"            daemon [_thread_blocked, id=10424, stack(0x000000c47b500000,0x000000c47b600000) (1024K)]
  0x000002453b4bf3b0 JavaThread "Service Thread"             daemon [_thread_blocked, id=11480, stack(0x000000c47b600000,0x000000c47b700000) (1024K)]
  0x000002453b4c0910 JavaThread "Monitor Deflation Thread"   daemon [_thread_blocked, id=21700, stack(0x000000c47b700000,0x000000c47b800000) (1024K)]
  0x000002453b4c31f0 JavaThread "C2 CompilerThread0"         daemon [_thread_blocked, id=2088, stack(0x000000c47b800000,0x000000c47b900000) (1024K)]
  0x000002453b4d2bb0 JavaThread "C1 CompilerThread0"         daemon [_thread_blocked, id=22356, stack(0x000000c47b900000,0x000000c47ba00000) (1024K)]
  0x000002453bca81f0 JavaThread "Common-Cleaner"             daemon [_thread_blocked, id=1952, stack(0x000000c47bb00000,0x000000c47bc00000) (1024K)]
  0x000002453bd24130 JavaThread "Notification Thread"        daemon [_thread_blocked, id=11288, stack(0x000000c47bc00000,0x000000c47bd00000) (1024K)]
  0x000002457e87f790 JavaThread "Daemon health stats"               [_thread_blocked, id=19612, stack(0x000000c47c300000,0x000000c47c400000) (1024K)]
  0x000002457df72010 JavaThread "Incoming local TCP Connector on port 57722"        [_thread_in_native, id=19088, stack(0x000000c47c400000,0x000000c47c500000) (1024K)]
  0x000002457ead2fb0 JavaThread "Daemon periodic checks"            [_thread_blocked, id=15184, stack(0x000000c47ba00000,0x000000c47bb00000) (1024K)]
  0x000002457e9c3b00 JavaThread "Cache worker for journal cache (C:\Users\Admin\.gradle\caches\journal-1)"        [_thread_blocked, id=19040, stack(0x000000c47cd00000,0x000000c47ce00000) (1024K)]
  0x000002457e9c20c0 JavaThread "File lock request listener"        [_thread_in_native, id=8956, stack(0x000000c47ce00000,0x000000c47cf00000) (1024K)]
  0x000002457e9c2750 JavaThread "Cache worker for file hash cache (C:\Users\Admin\.gradle\caches\9.1.0\fileHashes)"        [_thread_blocked, id=20504, stack(0x000000c47cf00000,0x000000c47d000000) (1024K)]
  0x0000024505b04a10 JavaThread "File watcher server"        daemon [_thread_blocked, id=9204, stack(0x000000c47d500000,0x000000c47d600000) (1024K)]
  0x0000024505b06450 JavaThread "File watcher consumer"      daemon [_thread_blocked, id=18832, stack(0x000000c47d600000,0x000000c47d700000) (1024K)]
  0x0000024505b03660 JavaThread "jar transforms"                    [_thread_blocked, id=17140, stack(0x000000c47d700000,0x000000c47d800000) (1024K)]
  0x0000024505b050a0 JavaThread "jar transforms Thread 2"           [_thread_blocked, id=13760, stack(0x000000c47d800000,0x000000c47d900000) (1024K)]
  0x0000024505b05730 JavaThread "jar transforms Thread 3"           [_thread_blocked, id=12356, stack(0x000000c47d900000,0x000000c47da00000) (1024K)]
  0x0000024505b02fd0 JavaThread "jar transforms Thread 4"           [_thread_blocked, id=18576, stack(0x000000c47da00000,0x000000c47db00000) (1024K)]
  0x0000024505b07800 JavaThread "jar transforms Thread 5"           [_thread_blocked, id=15948, stack(0x000000c47db00000,0x000000c47dc00000) (1024K)]
  0x0000024505b09f60 JavaThread "jar transforms Thread 6"           [_thread_blocked, id=16380, stack(0x000000c47dc00000,0x000000c47dd00000) (1024K)]
  0x0000024505b098d0 JavaThread "jar transforms Thread 7"           [_thread_blocked, id=21676, stack(0x000000c47dd00000,0x000000c47de00000) (1024K)]
  0x0000024505b08520 JavaThread "jar transforms Thread 8"           [_thread_blocked, id=20180, stack(0x000000c47de00000,0x000000c47df00000) (1024K)]
  0x0000024505b09240 JavaThread "Cache worker for file content cache (C:\Users\Admin\.gradle\caches\9.1.0\fileContent)"        [_thread_blocked, id=7836, stack(0x000000c47df00000,0x000000c47e000000) (1024K)]
  0x000002450656c9a0 JavaThread "Memory manager"                    [_thread_blocked, id=8264, stack(0x000000c400900000,0x000000c400a00000) (1024K)]
  0x000002450638ea70 JavaThread "Daemon Thread 4"                   [_thread_blocked, id=11876, stack(0x000000c400000000,0x000000c400100000) (1024K)]
  0x0000024506390b40 JavaThread "Handler for socket connection from /127.0.0.1:57722 to /127.0.0.1:50722"        [_thread_in_native, id=6508, stack(0x000000c400100000,0x000000c400200000) (1024K)]
  0x00000245063911d0 JavaThread "Cancel handler"                    [_thread_blocked, id=9444, stack(0x000000c400200000,0x000000c400300000) (1024K)]
  0x0000024506391860 JavaThread "Daemon worker Thread 4"            [_thread_blocked, id=19004, stack(0x000000c400300000,0x000000c400400000) (1024K)]
  0x0000024506392580 JavaThread "Asynchronous log dispatcher for DefaultDaemonConnection: socket connection from /127.0.0.1:57722 to /127.0.0.1:50722"        [_thread_blocked, id=10888, stack(0x000000c400400000,0x000000c400500000) (1024K)]
  0x000002450638f790 JavaThread "Stdin handler"                     [_thread_blocked, id=23316, stack(0x000000c400500000,0x000000c400600000) (1024K)]
  0x0000024506391ef0 JavaThread "Daemon client event forwarder"        [_thread_blocked, id=11300, stack(0x000000c400600000,0x000000c400700000) (1024K)]
  0x000002450638fe20 JavaThread "Cache worker for file hash cache (C:\Docs\Programacion de dispositivos moviles\Examen2daCompetencia\.gradle\9.1.0\fileHashes)"        [_thread_blocked, id=8008, stack(0x000000c400700000,0x000000c400800000) (1024K)]
  0x000002450638f100 JavaThread "Cache worker for checksums cache (C:\Docs\Programacion de dispositivos moviles\Examen2daCompetencia\.gradle\9.1.0\checksums)"        [_thread_blocked, id=14080, stack(0x000000c400800000,0x000000c400900000) (1024K)]
  0x0000024506393fc0 JavaThread "Cache worker for Build Output Cleanup Cache (C:\Docs\Programacion de dispositivos moviles\Examen2daCompetencia\.gradle\buildOutputCleanup)"        [_thread_blocked, id=2444, stack(0x000000c400a00000,0x000000c400b00000) (1024K)]
  0x0000024506395a00 JavaThread "Cache worker for cache directory md-supplier (C:\Users\Admin\.gradle\caches\9.1.0\md-supplier)"        [_thread_blocked, id=4232, stack(0x000000c400c00000,0x000000c400d00000) (1024K)]
  0x00000245063932a0 JavaThread "Cache worker for cache directory md-rule (C:\Users\Admin\.gradle\caches\9.1.0\md-rule)"        [_thread_blocked, id=11076, stack(0x000000c400d00000,0x000000c400e00000) (1024K)]
  0x0000024506393930 JavaThread "Unconstrained build operations"        [_thread_blocked, id=9416, stack(0x000000c400e00000,0x000000c400f00000) (1024K)]
  0x0000024506396090 JavaThread "Unconstrained build operations Thread 2"        [_thread_blocked, id=15080, stack(0x000000c400f00000,0x000000c401000000) (1024K)]
  0x0000024506392c10 JavaThread "Unconstrained build operations Thread 3"        [_thread_blocked, id=12184, stack(0x000000c401000000,0x000000c401100000) (1024K)]
  0x00000245063987f0 JavaThread "Unconstrained build operations Thread 4"        [_thread_blocked, id=20720, stack(0x000000c401100000,0x000000c401200000) (1024K)]
  0x0000024506396720 JavaThread "Unconstrained build operations Thread 5"        [_thread_blocked, id=17712, stack(0x000000c401200000,0x000000c401300000) (1024K)]
  0x0000024506396db0 JavaThread "Unconstrained build operations Thread 6"        [_thread_blocked, id=22476, stack(0x000000c401300000,0x000000c401400000) (1024K)]
  0x0000024506398160 JavaThread "Unconstrained build operations Thread 7"        [_thread_blocked, id=13140, stack(0x000000c401400000,0x000000c401500000) (1024K)]
  0x0000024506399510 JavaThread "Unconstrained build operations Thread 8"        [_thread_blocked, id=14724, stack(0x000000c401500000,0x000000c401600000) (1024K)]
  0x0000024506399ba0 JavaThread "Unconstrained build operations Thread 9"        [_thread_blocked, id=10024, stack(0x000000c401600000,0x000000c401700000) (1024K)]
  0x000002450639a8c0 JavaThread "Unconstrained build operations Thread 10"        [_thread_blocked, id=11044, stack(0x000000c401700000,0x000000c401800000) (1024K)]
  0x0000024506397ad0 JavaThread "Unconstrained build operations Thread 11"        [_thread_blocked, id=8700, stack(0x000000c401800000,0x000000c401900000) (1024K)]
  0x000002450639a230 JavaThread "Unconstrained build operations Thread 12"        [_thread_blocked, id=12316, stack(0x000000c401900000,0x000000c401a00000) (1024K)]
  0x0000024506397440 JavaThread "Unconstrained build operations Thread 13"        [_thread_blocked, id=15460, stack(0x000000c401a00000,0x000000c401b00000) (1024K)]
  0x000002450639d020 JavaThread "Unconstrained build operations Thread 14"        [_thread_blocked, id=1268, stack(0x000000c401b00000,0x000000c401c00000) (1024K)]
  0x000002450639c300 JavaThread "Configuration cache report writer"        [_thread_blocked, id=2616, stack(0x000000c401c00000,0x000000c401d00000) (1024K)]
  0x000002450639c990 JavaThread "Unconstrained build operations Thread 15"        [_thread_blocked, id=13336, stack(0x000000c401d00000,0x000000c401e00000) (1024K)]
  0x000002450639b5e0 JavaThread "Unconstrained build operations Thread 16"        [_thread_blocked, id=19864, stack(0x000000c401e00000,0x000000c401f00000) (1024K)]
  0x000002450639bc70 JavaThread "Unconstrained build operations Thread 17"        [_thread_blocked, id=16836, stack(0x000000c401f00000,0x000000c402000000) (1024K)]
  0x000002450639d6b0 JavaThread "Unconstrained build operations Thread 18"        [_thread_blocked, id=1364, stack(0x000000c402000000,0x000000c402100000) (1024K)]
  0x000002450639dd40 JavaThread "Unconstrained build operations Thread 19"        [_thread_blocked, id=17444, stack(0x000000c402100000,0x000000c402200000) (1024K)]
  0x000002450ed2bdc0 JavaThread "Unconstrained build operations Thread 20"        [_thread_blocked, id=18096, stack(0x000000c402200000,0x000000c402300000) (1024K)]
  0x000002450ed2b730 JavaThread "Unconstrained build operations Thread 21"        [_thread_blocked, id=12600, stack(0x000000c402300000,0x000000c402400000) (1024K)]
  0x000002450ed28fd0 JavaThread "Unconstrained build operations Thread 22"        [_thread_blocked, id=2332, stack(0x000000c402400000,0x000000c402500000) (1024K)]
  0x000002450ed2b0a0 JavaThread "Unconstrained build operations Thread 23"        [_thread_blocked, id=7260, stack(0x000000c402500000,0x000000c402600000) (1024K)]
  0x000002450ed2aa10 JavaThread "Unconstrained build operations Thread 24"        [_thread_blocked, id=12328, stack(0x000000c402600000,0x000000c402700000) (1024K)]
  0x000002450ed2cae0 JavaThread "Unconstrained build operations Thread 25"        [_thread_blocked, id=16364, stack(0x000000c402700000,0x000000c402800000) (1024K)]
  0x000002450ed29cf0 JavaThread "Unconstrained build operations Thread 26"        [_thread_blocked, id=11856, stack(0x000000c402800000,0x000000c402900000) (1024K)]
  0x000002450ed29660 JavaThread "Unconstrained build operations Thread 27"        [_thread_blocked, id=9076, stack(0x000000c402900000,0x000000c402a00000) (1024K)]
  0x000002450ed2ff60 JavaThread "Unconstrained build operations Thread 28"        [_thread_blocked, id=20048, stack(0x000000c402a00000,0x000000c402b00000) (1024K)]
  0x000002450ed305f0 JavaThread "build event listener"              [_thread_blocked, id=4684, stack(0x000000c402b00000,0x000000c402c00000) (1024K)]
  0x000002450ed2f240 JavaThread "build event listener"              [_thread_blocked, id=18292, stack(0x000000c402c00000,0x000000c402d00000) (1024K)]
  0x000002450ed2f8d0 JavaThread "build event listener"              [_thread_blocked, id=5140, stack(0x000000c402d00000,0x000000c402e00000) (1024K)]
  0x000002450ed30c80 JavaThread "Unconstrained build operations Thread 29"        [_thread_blocked, id=4404, stack(0x000000c402e00000,0x000000c402f00000) (1024K)]
  0x000002450ed2ebb0 JavaThread "Unconstrained build operations Thread 30"        [_thread_blocked, id=17588, stack(0x000000c402f00000,0x000000c403000000) (1024K)]
  0x000002450ed2d800 JavaThread "Unconstrained build operations Thread 31"        [_thread_blocked, id=6408, stack(0x000000c403000000,0x000000c403100000) (1024K)]
  0x000002450ed31310 JavaThread "Unconstrained build operations Thread 32"        [_thread_blocked, id=5424, stack(0x000000c403100000,0x000000c403200000) (1024K)]
  0x000002450ed319a0 JavaThread "Unconstrained build operations Thread 33"        [_thread_blocked, id=9276, stack(0x000000c403200000,0x000000c403300000) (1024K)]
  0x000002450ed2e520 JavaThread "Unconstrained build operations Thread 34"        [_thread_blocked, id=12112, stack(0x000000c403300000,0x000000c403400000) (1024K)]
  0x000002450ed33a70 JavaThread "Unconstrained build operations Thread 35"        [_thread_blocked, id=11584, stack(0x000000c403400000,0x000000c403500000) (1024K)]
  0x000002450ed34790 JavaThread "Unconstrained build operations Thread 36"        [_thread_blocked, id=21980, stack(0x000000c403500000,0x000000c403600000) (1024K)]
  0x000002450ed34100 JavaThread "Unconstrained build operations Thread 37"        [_thread_blocked, id=16264, stack(0x000000c403600000,0x000000c403700000) (1024K)]
  0x000002450ed333e0 JavaThread "Unconstrained build operations Thread 38"        [_thread_blocked, id=10188, stack(0x000000c403700000,0x000000c403800000) (1024K)]
  0x000002450ed34e20 JavaThread "Unconstrained build operations Thread 39"        [_thread_blocked, id=14728, stack(0x000000c403800000,0x000000c403900000) (1024K)]
  0x000002450ed326c0 JavaThread "Unconstrained build operations Thread 40"        [_thread_blocked, id=3224, stack(0x000000c403900000,0x000000c403a00000) (1024K)]
  0x000002450ed354b0 JavaThread "Unconstrained build operations Thread 41"        [_thread_blocked, id=7820, stack(0x000000c403a00000,0x000000c403b00000) (1024K)]
  0x000002450ed32030 JavaThread "Unconstrained build operations Thread 42"        [_thread_blocked, id=22412, stack(0x000000c403b00000,0x000000c403c00000) (1024K)]
  0x000002450ed35b40 JavaThread "Problems report writer"            [_thread_blocked, id=14324, stack(0x000000c403c00000,0x000000c403d00000) (1024K)]
  0x000002450ed2c450 JavaThread "Build operations"                  [_thread_blocked, id=8056, stack(0x000000c403d00000,0x000000c403e00000) (1024K)]
  0x000002450ed36860 JavaThread "Unconstrained build operations Thread 43"        [_thread_blocked, id=20176, stack(0x000000c403e00000,0x000000c403f00000) (1024K)]
  0x000002450ed36ef0 JavaThread "Unconstrained build operations Thread 44"        [_thread_blocked, id=22280, stack(0x000000c403f00000,0x000000c404000000) (1024K)]
  0x000002450ed37c10 JavaThread "Unconstrained build operations Thread 45"        [_thread_blocked, id=19484, stack(0x000000c404000000,0x000000c404100000) (1024K)]
  0x000002450ed382a0 JavaThread "Unconstrained build operations Thread 46"        [_thread_blocked, id=6744, stack(0x000000c404100000,0x000000c404200000) (1024K)]
  0x000002450de90ae0 JavaThread "Unconstrained build operations Thread 47"        [_thread_blocked, id=8440, stack(0x000000c404200000,0x000000c404300000) (1024K)]
  0x000002450de91170 JavaThread "Unconstrained build operations Thread 48"        [_thread_blocked, id=22836, stack(0x000000c404300000,0x000000c404400000) (1024K)]
  0x000002450de91e90 JavaThread "Unconstrained build operations Thread 49"        [_thread_blocked, id=11512, stack(0x000000c404400000,0x000000c404500000) (1024K)]
  0x000002450de91800 JavaThread "Unconstrained build operations Thread 50"        [_thread_blocked, id=22600, stack(0x000000c404500000,0x000000c404600000) (1024K)]
  0x000002450de8fdc0 JavaThread "Unconstrained build operations Thread 51"        [_thread_blocked, id=12076, stack(0x000000c404600000,0x000000c404700000) (1024K)]
  0x000002450de92520 JavaThread "Unconstrained build operations Thread 52"        [_thread_blocked, id=6816, stack(0x000000c404700000,0x000000c404800000) (1024K)]
  0x000002450de8f0a0 JavaThread "Unconstrained build operations Thread 53"        [_thread_blocked, id=17176, stack(0x000000c404800000,0x000000c404900000) (1024K)]
  0x000002450de92bb0 JavaThread "Unconstrained build operations Thread 54"        [_thread_blocked, id=23940, stack(0x000000c404900000,0x000000c404a00000) (1024K)]
  0x000002450de8f730 JavaThread "Unconstrained build operations Thread 55"        [_thread_blocked, id=15240, stack(0x000000c404a00000,0x000000c404b00000) (1024K)]
  0x000002450de93240 JavaThread "Unconstrained build operations Thread 56"        [_thread_blocked, id=5756, stack(0x000000c404b00000,0x000000c404c00000) (1024K)]
  0x000002450de938d0 JavaThread "Unconstrained build operations Thread 57"        [_thread_blocked, id=17612, stack(0x000000c404c00000,0x000000c404d00000) (1024K)]
  0x000002450de90450 JavaThread "Unconstrained build operations Thread 58"        [_thread_blocked, id=3404, stack(0x000000c404d00000,0x000000c404e00000) (1024K)]
  0x000002450de959a0 JavaThread "Unconstrained build operations Thread 59"        [_thread_blocked, id=804, stack(0x000000c404e00000,0x000000c404f00000) (1024K)]
  0x000002450de93f60 JavaThread "Build operations Thread 2"         [_thread_blocked, id=8448, stack(0x000000c405000000,0x000000c405100000) (1024K)]
  0x000002450de97a70 JavaThread "Build operations Thread 3"         [_thread_blocked, id=16032, stack(0x000000c405100000,0x000000c405200000) (1024K)]
  0x000002450de96030 JavaThread "included builds"                   [_thread_blocked, id=4396, stack(0x000000c404f00000,0x000000c405000000) (1024K)]
  0x000002450de96d50 JavaThread "Execution worker"                  [_thread_blocked, id=4168, stack(0x000000c405200000,0x000000c405300000) (1024K)]
  0x000002450de966c0 JavaThread "Execution worker Thread 2"         [_thread_blocked, id=1312, stack(0x000000c405300000,0x000000c405400000) (1024K)]
  0x000002450de98100 JavaThread "Execution worker Thread 3"         [_thread_blocked, id=22656, stack(0x000000c405400000,0x000000c405500000) (1024K)]
  0x000002450de94c80 JavaThread "Execution worker Thread 4"         [_thread_blocked, id=2184, stack(0x000000c405500000,0x000000c405600000) (1024K)]
  0x000002450de98790 JavaThread "Execution worker Thread 5"         [_thread_blocked, id=21780, stack(0x000000c405600000,0x000000c405700000) (1024K)]
  0x000002450de95310 JavaThread "Execution worker Thread 6"         [_thread_blocked, id=12256, stack(0x000000c405700000,0x000000c405800000) (1024K)]
  0x000002450de9b580 JavaThread "Execution worker Thread 7"         [_thread_blocked, id=22516, stack(0x000000c405800000,0x000000c405900000) (1024K)]
  0x000002450de9aef0 JavaThread "Cache worker for execution history cache (C:\Docs\Programacion de dispositivos moviles\Examen2daCompetencia\.gradle\9.1.0\executionHistory)"        [_thread_blocked, id=15812, stack(0x000000c405900000,0x000000c405a00000) (1024K)]
  0x000002450de9a860 JavaThread "Unconstrained build operations Thread 60"        [_thread_blocked, id=10876, stack(0x000000c405a00000,0x000000c405b00000) (1024K)]
  0x000002450de9c2a0 JavaThread "Unconstrained build operations Thread 61"        [_thread_blocked, id=4164, stack(0x000000c405b00000,0x000000c405c00000) (1024K)]
  0x000002450de9bc10 JavaThread "Unconstrained build operations Thread 62"        [_thread_blocked, id=20544, stack(0x000000c405c00000,0x000000c405d00000) (1024K)]
  0x000002450de98e20 JavaThread "Unconstrained build operations Thread 63"        [_thread_blocked, id=22300, stack(0x000000c405d00000,0x000000c405e00000) (1024K)]
  0x000002450de99b40 JavaThread "Unconstrained build operations Thread 64"        [_thread_blocked, id=11372, stack(0x000000c405e00000,0x000000c405f00000) (1024K)]
  0x000002450de9c930 JavaThread "Unconstrained build operations Thread 66"        [_thread_blocked, id=17504, stack(0x000000c405f00000,0x000000c406000000) (1024K)]
  0x000002450de994b0 JavaThread "Unconstrained build operations Thread 67"        [_thread_blocked, id=6876, stack(0x000000c406000000,0x000000c406100000) (1024K)]
  0x000002450de9cfc0 JavaThread "Unconstrained build operations Thread 68"        [_thread_blocked, id=18072, stack(0x000000c406100000,0x000000c406200000) (1024K)]
  0x000002450de9a1d0 JavaThread "Unconstrained build operations Thread 69"        [_thread_blocked, id=23904, stack(0x000000c406200000,0x000000c406300000) (1024K)]
  0x000002450de9d650 JavaThread "Unconstrained build operations Thread 70"        [_thread_blocked, id=8524, stack(0x000000c406300000,0x000000c406400000) (1024K)]
  0x000002450de9e370 JavaThread "Unconstrained build operations Thread 65"        [_thread_blocked, id=6868, stack(0x000000c406400000,0x000000c406500000) (1024K)]
  0x000002450de9dce0 JavaThread "Unconstrained build operations Thread 71"        [_thread_blocked, id=16288, stack(0x000000c406500000,0x000000c406600000) (1024K)]
  0x00000245051e7840 JavaThread "Unconstrained build operations Thread 72"        [_thread_blocked, id=23356, stack(0x000000c406600000,0x000000c406700000) (1024K)]
  0x00000245051e43c0 JavaThread "Unconstrained build operations Thread 73"        [_thread_blocked, id=13348, stack(0x000000c406700000,0x000000c406800000) (1024K)]
  0x00000245051e7ed0 JavaThread "Unconstrained build operations Thread 74"        [_thread_blocked, id=24316, stack(0x000000c406800000,0x000000c406900000) (1024K)]
  0x00000245051ea630 JavaThread "Unconstrained build operations Thread 75"        [_thread_blocked, id=18920, stack(0x000000c406900000,0x000000c406a00000) (1024K)]
  0x00000245051ec070 JavaThread "Unconstrained build operations Thread 76"        [_thread_blocked, id=20592, stack(0x000000c406a00000,0x000000c406b00000) (1024K)]
  0x00000245051eb350 JavaThread "Unconstrained build operations Thread 77"        [_thread_blocked, id=17464, stack(0x000000c406b00000,0x000000c406c00000) (1024K)]
  0x00000245051e9280 JavaThread "Unconstrained build operations Thread 78"        [_thread_blocked, id=2124, stack(0x000000c406c00000,0x000000c406d00000) (1024K)]
  0x00000245051eb9e0 JavaThread "Unconstrained build operations Thread 79"        [_thread_blocked, id=20328, stack(0x000000c406d00000,0x000000c406e00000) (1024K)]
  0x00000245051eacc0 JavaThread "Unconstrained build operations Thread 80"        [_thread_blocked, id=10856, stack(0x000000c406e00000,0x000000c406f00000) (1024K)]
  0x00000245051ef4f0 JavaThread "WorkerExecutor Queue"              [_thread_blocked, id=19588, stack(0x000000c406f00000,0x000000c407000000) (1024K)]
  0x000002450ea734a0 JavaThread "WorkerExecutor Queue Thread 2"        [_thread_blocked, id=3100, stack(0x000000c407600000,0x000000c407700000) (1024K)]
  0x000002450ea70d40 JavaThread "WorkerExecutor Queue Thread 3"        [_thread_blocked, id=16808, stack(0x000000c407700000,0x000000c407800000) (1024K)]
  0x000002450ea76290 JavaThread "WorkerExecutor Queue Thread 4"        [_thread_blocked, id=9800, stack(0x000000c407800000,0x000000c407900000) (1024K)]
  0x000002450ea74850 JavaThread "WorkerExecutor Queue Thread 5"        [_thread_blocked, id=5856, stack(0x000000c407900000,0x000000c407a00000) (1024K)]
  0x000002450ea76920 JavaThread "WorkerExecutor Queue Thread 7"        [_thread_blocked, id=3220, stack(0x000000c407b00000,0x000000c407c00000) (1024K)]
  0x000002450ea74ee0 JavaThread "WorkerExecutor Queue Thread 8"        [_thread_blocked, id=11336, stack(0x000000c407c00000,0x000000c407d00000) (1024K)]
  0x00000245053bda60 JavaThread "WorkerExecutor Queue Thread 9"        [_thread_blocked, id=24384, stack(0x000000c407a00000,0x000000c407b00000) (1024K)]
  0x000002457e9c4820 JavaThread "RMI Scheduler(0)"           daemon [_thread_blocked, id=23772, stack(0x000000c407e00000,0x000000c407f00000) (1024K)]
  0x000002450ea8cb80 JavaThread "RMI GC Daemon"              daemon [_thread_blocked, id=19176, stack(0x000000c408000000,0x000000c408100000) (1024K)]
  0x000002450ea8b140 JavaThread "RMI TCP Accept-0"           daemon [_thread_in_native, id=19524, stack(0x000000c408100000,0x000000c408200000) (1024K)]
  0x000002450ea8be60 JavaThread "RMI Reaper"                        [_thread_blocked, id=10084, stack(0x000000c408200000,0x000000c408300000) (1024K)]
  0x000002450ea8ec50 JavaThread "RMI TCP Connection(2)-127.0.0.1" daemon [_thread_in_native, id=7224, stack(0x000000c408300000,0x000000c408400000) (1024K)]
  0x000002450ed2a380 JavaThread "pool-10-thread-1"                  [_thread_blocked, id=13260, stack(0x000000c407d00000,0x000000c407e00000) (1024K)]
  0x000002450ed361d0 JavaThread "stderr"                            [_thread_in_native, id=14260, stack(0x000000c408400000,0x000000c408500000) (1024K)]
  0x000002450ed37580 JavaThread "stdout"                            [_thread_in_native, id=16612, stack(0x000000c408500000,0x000000c408600000) (1024K)]
  0x0000024515c25750 JavaThread "stderr"                            [_thread_in_native, id=3184, stack(0x000000c408600000,0x000000c408700000) (1024K)]
  0x0000024515c250c0 JavaThread "stdout"                            [_thread_in_native, id=12668, stack(0x000000c408700000,0x000000c408800000) (1024K)]
Total: 156

Other Threads:
=>0x000002453b497520 VMThread "VM Thread"                           [id=23748, stack(0x000000c47b100000,0x000000c47b200000) (1024K)]
  0x000002453b485890 WatcherThread "VM Periodic Task Thread"        [id=17604, stack(0x000000c47b000000,0x000000c47b100000) (1024K)]
  0x000002451b3b58f0 WorkerThread "GC Thread#0"                     [id=15988, stack(0x000000c47ab00000,0x000000c47ac00000) (1024K)]
  0x000002453bd5a2e0 WorkerThread "GC Thread#1"                     [id=11232, stack(0x000000c47bd00000,0x000000c47be00000) (1024K)]
  0x000002453be57540 WorkerThread "GC Thread#2"                     [id=17436, stack(0x000000c47be00000,0x000000c47bf00000) (1024K)]
  0x000002457d0b9690 WorkerThread "GC Thread#3"                     [id=20704, stack(0x000000c47bf00000,0x000000c47c000000) (1024K)]
  0x000002457d959c30 WorkerThread "GC Thread#4"                     [id=22772, stack(0x000000c47c100000,0x000000c47c200000) (1024K)]
  0x000002457da2fbb0 WorkerThread "GC Thread#5"                     [id=12484, stack(0x000000c47c200000,0x000000c47c300000) (1024K)]
  0x000002457eaa96c0 WorkerThread "GC Thread#6"                     [id=9140, stack(0x000000c47c600000,0x000000c47c700000) (1024K)]
  0x000002457eaa9a70 WorkerThread "GC Thread#7"                     [id=17260, stack(0x000000c47c700000,0x000000c47c800000) (1024K)]
  0x000002451b3c7080 ConcurrentGCThread "G1 Main Marker"            [id=7256, stack(0x000000c47ac00000,0x000000c47ad00000) (1024K)]
  0x000002451b3c8920 WorkerThread "G1 Conc#0"                       [id=15320, stack(0x000000c47ad00000,0x000000c47ae00000) (1024K)]
  0x000002457eaaa220 WorkerThread "G1 Conc#1"                       [id=21104, stack(0x000000c47d100000,0x000000c47d200000) (1024K)]
  0x000002453b359020 ConcurrentGCThread "G1 Refine#0"               [id=21728, stack(0x000000c47ae00000,0x000000c47af00000) (1024K)]
  0x000002453b35a860 ConcurrentGCThread "G1 Service"                [id=152, stack(0x000000c47af00000,0x000000c47b000000) (1024K)]
Total: 15

Threads with active compile tasks:
C2 CompilerThread0  1638790 46997   !   4       com.android.tools.r8.internal.m32::<init> (576 bytes)
Total: 1

VM state: at safepoint (normal execution)

VM Mutex/Monitor currently owned by a thread:  ([mutex/lock_event])
[0x00007ff91fb74e90] Threads_lock - owner thread: 0x000002453b497520
[0x00007ff91fb74f90] Heap_lock - owner thread: 0x000002450ed326c0

Heap address: 0x0000000700000000, size: 4096 MB, Compressed Oops mode: Zero based, Oop shift amount: 3

CDS archive(s) mapped at: [0x000002453c000000-0x000002453cce0000-0x000002453cce0000), size 13500416, SharedBaseAddress: 0x000002453c000000, ArchiveRelocationMode: 1.
Compressed class space mapped at: 0x000002453d000000-0x000002457d000000, reserved size: 1073741824
Narrow klass base: 0x000002453c000000, Narrow klass shift: 0, Narrow klass range: 0x100000000

GC Precious Log:
 CardTable entry size: 512
 Card Set container configuration: InlinePtr #cards 4 size 8 Array Of Cards #cards 16 size 48 Howl #buckets 8 coarsen threshold 3686 Howl Bitmap #cards 512 size 80 coarsen threshold 460 Card regions per heap region 1 cards per card region 4096
 CPUs: 8 total, 8 available
 Memory: 8078M
 Large Page Support: Disabled
 NUMA Support: Disabled
 Compressed Oops: Enabled (Zero based)
 Heap Region Size: 2M
 Heap Min Capacity: 8M
 Heap Initial Capacity: 128M
 Heap Max Capacity: 4G
 Pre-touch: Disabled
 Parallel Workers: 8
 Concurrent Workers: 2
 Concurrent Refinement Workers: 8
 Periodic GC: Disabled

Heap:
 garbage-first heap   total 1701888K, used 456677K [0x0000000700000000, 0x0000000800000000)
  region size 2048K, 4 young (8192K), 4 survivors (8192K)
 Metaspace       used 213388K, committed 216960K, reserved 1245184K
  class space    used 27852K, committed 29696K, reserved 1048576K

Heap Regions: E=young(eden), S=young(survivor), O=old, HS=humongous(starts), HC=humongous(continues), CS=collection set, F=free, TAMS=top-at-mark-start, PB=parsable bottom
|   0|0x0000000700000000, 0x0000000700200000, 0x0000000700200000|100%|HS|  |TAMS 0x0000000700000000| PB 0x0000000700000000| Complete 
|   1|0x0000000700200000, 0x0000000700400000, 0x0000000700400000|100%|HC|  |TAMS 0x0000000700200000| PB 0x0000000700200000| Complete 
|   2|0x0000000700400000, 0x0000000700600000, 0x0000000700600000|100%| O|  |TAMS 0x0000000700400000| PB 0x0000000700400000| Untracked 
|   3|0x0000000700600000, 0x0000000700800000, 0x0000000700800000|100%| O|  |TAMS 0x0000000700600000| PB 0x0000000700600000| Untracked 
|   4|0x0000000700800000, 0x0000000700a00000, 0x0000000700a00000|100%| O|  |TAMS 0x0000000700800000| PB 0x0000000700800000| Untracked 
|   5|0x0000000700a00000, 0x0000000700c00000, 0x0000000700c00000|100%| O|  |TAMS 0x0000000700a00000| PB 0x0000000700a00000| Untracked 
|   6|0x0000000700c00000, 0x0000000700e00000, 0x0000000700e00000|100%| O|  |TAMS 0x0000000700c00000| PB 0x0000000700c00000| Untracked 
|   7|0x0000000700e00000, 0x0000000701000000, 0x0000000701000000|100%| O|  |TAMS 0x0000000700e00000| PB 0x0000000700e00000| Untracked 
|   8|0x0000000701000000, 0x0000000701200000, 0x0000000701200000|100%| O|  |TAMS 0x0000000701000000| PB 0x0000000701000000| Untracked 
|   9|0x0000000701200000, 0x0000000701400000, 0x0000000701400000|100%| O|  |TAMS 0x0000000701200000| PB 0x0000000701200000| Untracked 
|  10|0x0000000701400000, 0x0000000701600000, 0x0000000701600000|100%| O|  |TAMS 0x0000000701400000| PB 0x0000000701400000| Untracked 
|  11|0x0000000701600000, 0x0000000701800000, 0x0000000701800000|100%| O|  |TAMS 0x0000000701600000| PB 0x0000000701600000| Untracked 
|  12|0x0000000701800000, 0x0000000701a00000, 0x0000000701a00000|100%| O|  |TAMS 0x0000000701800000| PB 0x0000000701800000| Untracked 
|  13|0x0000000701a00000, 0x0000000701c00000, 0x0000000701c00000|100%| O|  |TAMS 0x0000000701a00000| PB 0x0000000701a00000| Untracked 
|  14|0x0000000701c00000, 0x0000000701e00000, 0x0000000701e00000|100%| O|  |TAMS 0x0000000701c00000| PB 0x0000000701c00000| Untracked 
|  15|0x0000000701e00000, 0x0000000702000000, 0x0000000702000000|100%| O|  |TAMS 0x0000000701e00000| PB 0x0000000701e00000| Untracked 
|  16|0x0000000702000000, 0x0000000702200000, 0x0000000702200000|100%|HS|  |TAMS 0x0000000702000000| PB 0x0000000702000000| Complete 
|  17|0x0000000702200000, 0x0000000702400000, 0x0000000702400000|100%|HC|  |TAMS 0x0000000702200000| PB 0x0000000702200000| Complete 
|  18|0x0000000702400000, 0x0000000702600000, 0x0000000702600000|100%|HC|  |TAMS 0x0000000702400000| PB 0x0000000702400000| Complete 
|  19|0x0000000702600000, 0x0000000702800000, 0x0000000702800000|100%|HS|  |TAMS 0x0000000702600000| PB 0x0000000702600000| Complete 
|  20|0x0000000702800000, 0x0000000702a00000, 0x0000000702a00000|100%|HC|  |TAMS 0x0000000702800000| PB 0x0000000702800000| Complete 
|  21|0x0000000702a00000, 0x0000000702c00000, 0x0000000702c00000|100%|HC|  |TAMS 0x0000000702a00000| PB 0x0000000702a00000| Complete 
|  22|0x0000000702c00000, 0x0000000702e00000, 0x0000000702e00000|100%| O|  |TAMS 0x0000000702c00000| PB 0x0000000702c00000| Untracked 
|  23|0x0000000702e00000, 0x0000000703000000, 0x0000000703000000|100%| O|  |TAMS 0x0000000702e00000| PB 0x0000000702e00000| Untracked 
|  24|0x0000000703000000, 0x0000000703200000, 0x0000000703200000|100%| O|  |TAMS 0x0000000703000000| PB 0x0000000703000000| Untracked 
|  25|0x0000000703200000, 0x0000000703400000, 0x0000000703400000|100%| O|  |TAMS 0x0000000703200000| PB 0x0000000703200000| Untracked 
|  26|0x0000000703400000, 0x0000000703600000, 0x0000000703600000|100%| O|  |TAMS 0x0000000703400000| PB 0x0000000703400000| Untracked 
|  27|0x0000000703600000, 0x0000000703800000, 0x0000000703800000|100%| O|  |TAMS 0x0000000703600000| PB 0x0000000703600000| Untracked 
|  28|0x0000000703800000, 0x0000000703a00000, 0x0000000703a00000|100%| O|  |TAMS 0x0000000703800000| PB 0x0000000703800000| Untracked 
|  29|0x0000000703a00000, 0x0000000703c00000, 0x0000000703c00000|100%| O|  |TAMS 0x0000000703a00000| PB 0x0000000703a00000| Untracked 
|  30|0x0000000703c00000, 0x0000000703e00000, 0x0000000703e00000|100%| O|  |TAMS 0x0000000703c00000| PB 0x0000000703c00000| Untracked 
|  31|0x0000000703e00000, 0x0000000704000000, 0x0000000704000000|100%| O|  |TAMS 0x0000000703e00000| PB 0x0000000703e00000| Untracked 
|  32|0x0000000704000000, 0x0000000704200000, 0x0000000704200000|100%| O|  |TAMS 0x0000000704000000| PB 0x0000000704000000| Untracked 
|  33|0x0000000704200000, 0x0000000704400000, 0x0000000704400000|100%|HS|  |TAMS 0x0000000704200000| PB 0x0000000704200000| Complete 
|  34|0x0000000704400000, 0x0000000704600000, 0x0000000704600000|100%| O|  |TAMS 0x0000000704400000| PB 0x0000000704400000| Untracked 
|  35|0x0000000704600000, 0x0000000704800000, 0x0000000704800000|100%| O|  |TAMS 0x0000000704600000| PB 0x0000000704600000| Untracked 
|  36|0x0000000704800000, 0x0000000704a00000, 0x0000000704a00000|100%| O|  |TAMS 0x0000000704800000| PB 0x0000000704800000| Untracked 
|  37|0x0000000704a00000, 0x0000000704c00000, 0x0000000704c00000|100%|HS|  |TAMS 0x0000000704a00000| PB 0x0000000704a00000| Complete 
|  38|0x0000000704c00000, 0x0000000704e00000, 0x0000000704e00000|100%| O|  |TAMS 0x0000000704c00000| PB 0x0000000704c00000| Untracked 
|  39|0x0000000704e00000, 0x0000000705000000, 0x0000000705000000|100%| O|  |TAMS 0x0000000704e00000| PB 0x0000000704e00000| Untracked 
|  40|0x0000000705000000, 0x0000000705200000, 0x0000000705200000|100%| O|  |TAMS 0x0000000705000000| PB 0x0000000705000000| Untracked 
|  41|0x0000000705200000, 0x0000000705400000, 0x0000000705400000|100%| O|  |TAMS 0x0000000705200000| PB 0x0000000705200000| Untracked 
|  42|0x0000000705400000, 0x0000000705600000, 0x0000000705600000|100%| O|  |TAMS 0x0000000705400000| PB 0x0000000705400000| Untracked 
|  43|0x0000000705600000, 0x0000000705800000, 0x0000000705800000|100%| O|  |TAMS 0x0000000705600000| PB 0x0000000705600000| Untracked 
|  44|0x0000000705800000, 0x0000000705a00000, 0x0000000705a00000|100%| O|  |TAMS 0x0000000705800000| PB 0x0000000705800000| Untracked 
|  45|0x0000000705a00000, 0x0000000705c00000, 0x0000000705c00000|100%| O|  |TAMS 0x0000000705a00000| PB 0x0000000705a00000| Untracked 
|  46|0x0000000705c00000, 0x0000000705e00000, 0x0000000705e00000|100%| O|  |TAMS 0x0000000705c00000| PB 0x0000000705c00000| Untracked 
|  47|0x0000000705e00000, 0x0000000706000000, 0x0000000706000000|100%| O|  |TAMS 0x0000000705e00000| PB 0x0000000705e00000| Untracked 
|  48|0x0000000706000000, 0x0000000706200000, 0x0000000706200000|100%| O|  |TAMS 0x0000000706000000| PB 0x0000000706000000| Untracked 
|  49|0x0000000706200000, 0x0000000706400000, 0x0000000706400000|100%| O|  |TAMS 0x0000000706200000| PB 0x0000000706200000| Untracked 
|  50|0x0000000706400000, 0x0000000706600000, 0x0000000706600000|100%| O|  |TAMS 0x0000000706400000| PB 0x0000000706400000| Untracked 
|  51|0x0000000706600000, 0x0000000706800000, 0x0000000706800000|100%| O|  |TAMS 0x0000000706600000| PB 0x0000000706600000| Untracked 
|  52|0x0000000706800000, 0x0000000706a00000, 0x0000000706a00000|100%| O|  |TAMS 0x0000000706800000| PB 0x0000000706800000| Untracked 
|  53|0x0000000706a00000, 0x0000000706c00000, 0x0000000706c00000|100%| O|  |TAMS 0x0000000706a00000| PB 0x0000000706a00000| Untracked 
|  54|0x0000000706c00000, 0x0000000706e00000, 0x0000000706e00000|100%| O|  |TAMS 0x0000000706c00000| PB 0x0000000706c00000| Untracked 
|  55|0x0000000706e00000, 0x0000000707000000, 0x0000000707000000|100%| O|  |TAMS 0x0000000706e00000| PB 0x0000000706e00000| Untracked 
|  56|0x0000000707000000, 0x0000000707200000, 0x0000000707200000|100%| O|  |TAMS 0x0000000707000000| PB 0x0000000707000000| Untracked 
|  57|0x0000000707200000, 0x0000000707400000, 0x0000000707400000|100%| O|  |TAMS 0x0000000707200000| PB 0x0000000707200000| Untracked 
|  58|0x0000000707400000, 0x0000000707600000, 0x0000000707600000|100%| O|  |TAMS 0x0000000707400000| PB 0x0000000707400000| Untracked 
|  59|0x0000000707600000, 0x0000000707800000, 0x0000000707800000|100%| O|  |TAMS 0x0000000707600000| PB 0x0000000707600000| Untracked 
|  60|0x0000000707800000, 0x0000000707a00000, 0x0000000707a00000|100%| O|  |TAMS 0x0000000707800000| PB 0x0000000707800000| Untracked 
|  61|0x0000000707a00000, 0x0000000707c00000, 0x0000000707c00000|100%| O|  |TAMS 0x0000000707a00000| PB 0x0000000707a00000| Untracked 
|  62|0x0000000707c00000, 0x0000000707e00000, 0x0000000707e00000|100%| O|  |TAMS 0x0000000707c00000| PB 0x0000000707c00000| Untracked 
|  63|0x0000000707e00000, 0x0000000708000000, 0x0000000708000000|100%| O|  |TAMS 0x0000000707e00000| PB 0x0000000707e00000| Untracked 
|  64|0x0000000708000000, 0x0000000708200000, 0x0000000708200000|100%| O|  |TAMS 0x0000000708000000| PB 0x0000000708000000| Untracked 
|  65|0x0000000708200000, 0x0000000708400000, 0x0000000708400000|100%| O|  |TAMS 0x0000000708200000| PB 0x0000000708200000| Untracked 
|  66|0x0000000708400000, 0x0000000708600000, 0x0000000708600000|100%| O|  |TAMS 0x0000000708400000| PB 0x0000000708400000| Untracked 
|  67|0x0000000708600000, 0x0000000708800000, 0x0000000708800000|100%| O|  |TAMS 0x0000000708600000| PB 0x0000000708600000| Untracked 
|  68|0x0000000708800000, 0x0000000708a00000, 0x0000000708a00000|100%| O|  |TAMS 0x0000000708800000| PB 0x0000000708800000| Untracked 
|  69|0x0000000708a00000, 0x0000000708c00000, 0x0000000708c00000|100%| O|  |TAMS 0x0000000708a00000| PB 0x0000000708a00000| Untracked 
|  70|0x0000000708c00000, 0x0000000708e00000, 0x0000000708e00000|100%| O|  |TAMS 0x0000000708c00000| PB 0x0000000708c00000| Untracked 
|  71|0x0000000708e00000, 0x0000000709000000, 0x0000000709000000|100%| O|Cm|TAMS 0x0000000708e00000| PB 0x0000000708e00000| Complete 
|  72|0x0000000709000000, 0x0000000709200000, 0x0000000709200000|100%| O|  |TAMS 0x0000000709000000| PB 0x0000000709000000| Untracked 
|  73|0x0000000709200000, 0x0000000709400000, 0x0000000709400000|100%| O|  |TAMS 0x0000000709200000| PB 0x0000000709200000| Untracked 
|  74|0x0000000709400000, 0x0000000709600000, 0x0000000709600000|100%| O|  |TAMS 0x0000000709400000| PB 0x0000000709400000| Untracked 
|  75|0x0000000709600000, 0x0000000709800000, 0x0000000709800000|100%| O|  |TAMS 0x0000000709600000| PB 0x0000000709600000| Untracked 
|  76|0x0000000709800000, 0x0000000709800000, 0x0000000709a00000|  0%| F|  |TAMS 0x0000000709800000| PB 0x0000000709800000| Untracked 
|  77|0x0000000709a00000, 0x0000000709c00000, 0x0000000709c00000|100%| O|  |TAMS 0x0000000709a00000| PB 0x0000000709a00000| Untracked 
|  78|0x0000000709c00000, 0x0000000709e00000, 0x0000000709e00000|100%| O|  |TAMS 0x0000000709c00000| PB 0x0000000709c00000| Untracked 
|  79|0x0000000709e00000, 0x000000070a000000, 0x000000070a000000|100%| O|Cm|TAMS 0x0000000709e00000| PB 0x0000000709e00000| Complete 
|  80|0x000000070a000000, 0x000000070a200000, 0x000000070a200000|100%| O|  |TAMS 0x000000070a000000| PB 0x000000070a000000| Untracked 
|  81|0x000000070a200000, 0x000000070a400000, 0x000000070a400000|100%| O|  |TAMS 0x000000070a200000| PB 0x000000070a200000| Untracked 
|  82|0x000000070a400000, 0x000000070a600000, 0x000000070a600000|100%| O|  |TAMS 0x000000070a400000| PB 0x000000070a400000| Untracked 
|  83|0x000000070a600000, 0x000000070a800000, 0x000000070a800000|100%| O|  |TAMS 0x000000070a600000| PB 0x000000070a600000| Untracked 
|  84|0x000000070a800000, 0x000000070aa00000, 0x000000070aa00000|100%| O|  |TAMS 0x000000070a800000| PB 0x000000070a800000| Untracked 
|  85|0x000000070aa00000, 0x000000070ac00000, 0x000000070ac00000|100%| O|  |TAMS 0x000000070aa00000| PB 0x000000070aa00000| Untracked 
|  86|0x000000070ac00000, 0x000000070ae00000, 0x000000070ae00000|100%| O|  |TAMS 0x000000070ac00000| PB 0x000000070ac00000| Untracked 
|  87|0x000000070ae00000, 0x000000070b000000, 0x000000070b000000|100%| O|  |TAMS 0x000000070ae00000| PB 0x000000070ae00000| Untracked 
|  88|0x000000070b000000, 0x000000070b200000, 0x000000070b200000|100%| O|  |TAMS 0x000000070b000000| PB 0x000000070b000000| Untracked 
|  89|0x000000070b200000, 0x000000070b400000, 0x000000070b400000|100%| O|  |TAMS 0x000000070b200000| PB 0x000000070b200000| Untracked 
|  90|0x000000070b400000, 0x000000070b600000, 0x000000070b600000|100%| O|  |TAMS 0x000000070b400000| PB 0x000000070b400000| Untracked 
|  91|0x000000070b600000, 0x000000070b800000, 0x000000070b800000|100%| O|  |TAMS 0x000000070b600000| PB 0x000000070b600000| Untracked 
|  92|0x000000070b800000, 0x000000070ba00000, 0x000000070ba00000|100%| O|  |TAMS 0x000000070b800000| PB 0x000000070b800000| Untracked 
|  93|0x000000070ba00000, 0x000000070bc00000, 0x000000070bc00000|100%| O|  |TAMS 0x000000070ba00000| PB 0x000000070ba00000| Untracked 
|  94|0x000000070bc00000, 0x000000070be00000, 0x000000070be00000|100%| O|  |TAMS 0x000000070bc00000| PB 0x000000070bc00000| Untracked 
|  95|0x000000070be00000, 0x000000070c000000, 0x000000070c000000|100%| O|  |TAMS 0x000000070be00000| PB 0x000000070be00000| Untracked 
|  96|0x000000070c000000, 0x000000070c200000, 0x000000070c200000|100%| O|  |TAMS 0x000000070c000000| PB 0x000000070c000000| Untracked 
|  97|0x000000070c200000, 0x000000070c400000, 0x000000070c400000|100%| O|  |TAMS 0x000000070c200000| PB 0x000000070c200000| Untracked 
|  98|0x000000070c400000, 0x000000070c600000, 0x000000070c600000|100%| O|  |TAMS 0x000000070c400000| PB 0x000000070c400000| Untracked 
|  99|0x000000070c600000, 0x000000070c800000, 0x000000070c800000|100%| O|  |TAMS 0x000000070c600000| PB 0x000000070c600000| Untracked 
| 100|0x000000070c800000, 0x000000070ca00000, 0x000000070ca00000|100%| O|  |TAMS 0x000000070c800000| PB 0x000000070c800000| Untracked 
| 101|0x000000070ca00000, 0x000000070cc00000, 0x000000070cc00000|100%| O|  |TAMS 0x000000070ca00000| PB 0x000000070ca00000| Untracked 
| 102|0x000000070cc00000, 0x000000070ce00000, 0x000000070ce00000|100%| O|  |TAMS 0x000000070cc00000| PB 0x000000070cc00000| Untracked 
| 103|0x000000070ce00000, 0x000000070d000000, 0x000000070d000000|100%| O|  |TAMS 0x000000070ce00000| PB 0x000000070ce00000| Untracked 
| 104|0x000000070d000000, 0x000000070d200000, 0x000000070d200000|100%| O|  |TAMS 0x000000070d000000| PB 0x000000070d000000| Untracked 
| 105|0x000000070d200000, 0x000000070d400000, 0x000000070d400000|100%| O|  |TAMS 0x000000070d200000| PB 0x000000070d200000| Untracked 
| 106|0x000000070d400000, 0x000000070d600000, 0x000000070d600000|100%| O|  |TAMS 0x000000070d400000| PB 0x000000070d400000| Untracked 
| 107|0x000000070d600000, 0x000000070d800000, 0x000000070d800000|100%| O|Cm|TAMS 0x000000070d600000| PB 0x000000070d600000| Complete 
| 108|0x000000070d800000, 0x000000070da00000, 0x000000070da00000|100%| O|  |TAMS 0x000000070d800000| PB 0x000000070d800000| Untracked 
| 109|0x000000070da00000, 0x000000070dc00000, 0x000000070dc00000|100%| O|  |TAMS 0x000000070da00000| PB 0x000000070da00000| Untracked 
| 110|0x000000070dc00000, 0x000000070de00000, 0x000000070de00000|100%| O|  |TAMS 0x000000070dc00000| PB 0x000000070dc00000| Untracked 
| 111|0x000000070de00000, 0x000000070e000000, 0x000000070e000000|100%| O|  |TAMS 0x000000070de00000| PB 0x000000070de00000| Untracked 
| 112|0x000000070e000000, 0x000000070e200000, 0x000000070e200000|100%| O|  |TAMS 0x000000070e000000| PB 0x000000070e000000| Untracked 
| 113|0x000000070e200000, 0x000000070e400000, 0x000000070e400000|100%| O|  |TAMS 0x000000070e200000| PB 0x000000070e200000| Untracked 
| 114|0x000000070e400000, 0x000000070e600000, 0x000000070e600000|100%| O|Cm|TAMS 0x000000070e400000| PB 0x000000070e400000| Complete 
| 115|0x000000070e600000, 0x000000070e800000, 0x000000070e800000|100%| O|  |TAMS 0x000000070e600000| PB 0x000000070e600000| Untracked 
| 116|0x000000070e800000, 0x000000070ea00000, 0x000000070ea00000|100%|HS|  |TAMS 0x000000070e800000| PB 0x000000070e800000| Complete 
| 117|0x000000070ea00000, 0x000000070ec00000, 0x000000070ec00000|100%|HC|  |TAMS 0x000000070ea00000| PB 0x000000070ea00000| Complete 
| 118|0x000000070ec00000, 0x000000070ee00000, 0x000000070ee00000|100%| O|  |TAMS 0x000000070ec00000| PB 0x000000070ec00000| Untracked 
| 119|0x000000070ee00000, 0x000000070f000000, 0x000000070f000000|100%| O|  |TAMS 0x000000070ee00000| PB 0x000000070ee00000| Untracked 
| 120|0x000000070f000000, 0x000000070f200000, 0x000000070f200000|100%| O|  |TAMS 0x000000070f000000| PB 0x000000070f000000| Untracked 
| 121|0x000000070f200000, 0x000000070f400000, 0x000000070f400000|100%| O|  |TAMS 0x000000070f200000| PB 0x000000070f200000| Untracked 
| 122|0x000000070f400000, 0x000000070f600000, 0x000000070f600000|100%| O|  |TAMS 0x000000070f400000| PB 0x000000070f400000| Untracked 
| 123|0x000000070f600000, 0x000000070f800000, 0x000000070f800000|100%| O|  |TAMS 0x000000070f600000| PB 0x000000070f600000| Untracked 
| 124|0x000000070f800000, 0x000000070fa00000, 0x000000070fa00000|100%| O|  |TAMS 0x000000070f800000| PB 0x000000070f800000| Untracked 
| 125|0x000000070fa00000, 0x000000070fc00000, 0x000000070fc00000|100%| O|  |TAMS 0x000000070fa00000| PB 0x000000070fa00000| Untracked 
| 126|0x000000070fc00000, 0x000000070fe00000, 0x000000070fe00000|100%| O|  |TAMS 0x000000070fc00000| PB 0x000000070fc00000| Untracked 
| 127|0x000000070fe00000, 0x0000000710000000, 0x0000000710000000|100%| O|  |TAMS 0x000000070fe00000| PB 0x000000070fe00000| Untracked 
| 128|0x0000000710000000, 0x0000000710200000, 0x0000000710200000|100%| O|  |TAMS 0x0000000710000000| PB 0x0000000710000000| Untracked 
| 129|0x0000000710200000, 0x0000000710400000, 0x0000000710400000|100%| O|  |TAMS 0x0000000710200000| PB 0x0000000710200000| Untracked 
| 130|0x0000000710400000, 0x0000000710600000, 0x0000000710600000|100%| O|  |TAMS 0x0000000710400000| PB 0x0000000710400000| Untracked 
| 131|0x0000000710600000, 0x0000000710768b28, 0x0000000710800000| 70%| O|  |TAMS 0x0000000710600000| PB 0x0000000710600000| Untracked 
| 132|0x0000000710800000, 0x0000000710800000, 0x0000000710a00000|  0%| F|  |TAMS 0x0000000710800000| PB 0x0000000710800000| Untracked 
| 133|0x0000000710a00000, 0x0000000710c00000, 0x0000000710c00000|100%| O|  |TAMS 0x0000000710a00000| PB 0x0000000710a00000| Untracked 
| 134|0x0000000710c00000, 0x0000000710e00000, 0x0000000710e00000|100%| O|  |TAMS 0x0000000710c00000| PB 0x0000000710c00000| Untracked 
| 135|0x0000000710e00000, 0x0000000711000000, 0x0000000711000000|100%| O|  |TAMS 0x0000000710e00000| PB 0x0000000710e00000| Untracked 
| 136|0x0000000711000000, 0x0000000711200000, 0x0000000711200000|100%| O|  |TAMS 0x0000000711000000| PB 0x0000000711000000| Untracked 
| 137|0x0000000711200000, 0x0000000711400000, 0x0000000711400000|100%| O|  |TAMS 0x0000000711200000| PB 0x0000000711200000| Untracked 
| 138|0x0000000711400000, 0x0000000711600000, 0x0000000711600000|100%| O|  |TAMS 0x0000000711400000| PB 0x0000000711400000| Untracked 
| 139|0x0000000711600000, 0x0000000711800000, 0x0000000711800000|100%| O|  |TAMS 0x0000000711600000| PB 0x0000000711600000| Untracked 
| 140|0x0000000711800000, 0x0000000711a00000, 0x0000000711a00000|100%| O|Cm|TAMS 0x0000000711800000| PB 0x0000000711800000| Complete 
| 141|0x0000000711a00000, 0x0000000711a00000, 0x0000000711c00000|  0%| F|  |TAMS 0x0000000711a00000| PB 0x0000000711a00000| Untracked 
| 142|0x0000000711c00000, 0x0000000711c00000, 0x0000000711e00000|  0%| F|  |TAMS 0x0000000711c00000| PB 0x0000000711c00000| Untracked 
| 143|0x0000000711e00000, 0x0000000712000000, 0x0000000712000000|100%| O|  |TAMS 0x0000000711e00000| PB 0x0000000711e00000| Untracked 
| 144|0x0000000712000000, 0x0000000712200000, 0x0000000712200000|100%| O|  |TAMS 0x0000000712000000| PB 0x0000000712000000| Untracked 
| 145|0x0000000712200000, 0x0000000712400000, 0x0000000712400000|100%| O|  |TAMS 0x0000000712200000| PB 0x0000000712200000| Untracked 
| 146|0x0000000712400000, 0x0000000712400000, 0x0000000712600000|  0%| F|  |TAMS 0x0000000712400000| PB 0x0000000712400000| Untracked 
| 147|0x0000000712600000, 0x0000000712800000, 0x0000000712800000|100%| O|  |TAMS 0x0000000712600000| PB 0x0000000712600000| Untracked 
| 148|0x0000000712800000, 0x0000000712a00000, 0x0000000712a00000|100%| O|  |TAMS 0x0000000712800000| PB 0x0000000712800000| Untracked 
| 149|0x0000000712a00000, 0x0000000712c00000, 0x0000000712c00000|100%| O|Cm|TAMS 0x0000000712a00000| PB 0x0000000712a00000| Complete 
| 150|0x0000000712c00000, 0x0000000712e00000, 0x0000000712e00000|100%| O|  |TAMS 0x0000000712c00000| PB 0x0000000712c00000| Untracked 
| 151|0x0000000712e00000, 0x0000000713000000, 0x0000000713000000|100%| O|  |TAMS 0x0000000712e00000| PB 0x0000000712e00000| Untracked 
| 152|0x0000000713000000, 0x0000000713000000, 0x0000000713200000|  0%| F|  |TAMS 0x0000000713000000| PB 0x0000000713000000| Untracked 
| 153|0x0000000713200000, 0x0000000713400000, 0x0000000713400000|100%| O|Cm|TAMS 0x0000000713200000| PB 0x0000000713200000| Complete 
| 154|0x0000000713400000, 0x0000000713600000, 0x0000000713600000|100%| O|  |TAMS 0x0000000713400000| PB 0x0000000713400000| Untracked 
| 155|0x0000000713600000, 0x0000000713800000, 0x0000000713800000|100%| O|  |TAMS 0x0000000713600000| PB 0x0000000713600000| Untracked 
| 156|0x0000000713800000, 0x0000000713a00000, 0x0000000713a00000|100%| O|  |TAMS 0x0000000713800000| PB 0x0000000713800000| Untracked 
| 157|0x0000000713a00000, 0x0000000713c00000, 0x0000000713c00000|100%| O|  |TAMS 0x0000000713a00000| PB 0x0000000713a00000| Untracked 
| 158|0x0000000713c00000, 0x0000000713c00000, 0x0000000713e00000|  0%| F|  |TAMS 0x0000000713c00000| PB 0x0000000713c00000| Untracked 
| 159|0x0000000713e00000, 0x0000000713e00000, 0x0000000714000000|  0%| F|  |TAMS 0x0000000713e00000| PB 0x0000000713e00000| Untracked 
| 160|0x0000000714000000, 0x0000000714200000, 0x0000000714200000|100%| O|Cm|TAMS 0x0000000714000000| PB 0x0000000714000000| Complete 
| 161|0x0000000714200000, 0x0000000714400000, 0x0000000714400000|100%| O|Cm|TAMS 0x0000000714200000| PB 0x0000000714200000| Complete 
| 162|0x0000000714400000, 0x0000000714600000, 0x0000000714600000|100%| O|  |TAMS 0x0000000714400000| PB 0x0000000714400000| Untracked 
| 163|0x0000000714600000, 0x0000000714800000, 0x0000000714800000|100%| O|  |TAMS 0x0000000714600000| PB 0x0000000714600000| Untracked 
| 164|0x0000000714800000, 0x0000000714a00000, 0x0000000714a00000|100%| O|  |TAMS 0x0000000714800000| PB 0x0000000714800000| Untracked 
| 165|0x0000000714a00000, 0x0000000714c00000, 0x0000000714c00000|100%| O|  |TAMS 0x0000000714a00000| PB 0x0000000714a00000| Untracked 
| 166|0x0000000714c00000, 0x0000000714e00000, 0x0000000714e00000|100%| O|Cm|TAMS 0x0000000714c00000| PB 0x0000000714c00000| Complete 
| 167|0x0000000714e00000, 0x0000000714e00000, 0x0000000715000000|  0%| F|  |TAMS 0x0000000714e00000| PB 0x0000000714e00000| Untracked 
| 168|0x0000000715000000, 0x0000000715000000, 0x0000000715200000|  0%| F|  |TAMS 0x0000000715000000| PB 0x0000000715000000| Untracked 
| 169|0x0000000715200000, 0x0000000715200000, 0x0000000715400000|  0%| F|  |TAMS 0x0000000715200000| PB 0x0000000715200000| Untracked 
| 170|0x0000000715400000, 0x0000000715600000, 0x0000000715600000|100%| O|Cm|TAMS 0x0000000715400000| PB 0x0000000715400000| Complete 
| 171|0x0000000715600000, 0x0000000715800000, 0x0000000715800000|100%| O|  |TAMS 0x0000000715600000| PB 0x0000000715600000| Untracked 
| 172|0x0000000715800000, 0x0000000715a00000, 0x0000000715a00000|100%| O|  |TAMS 0x0000000715800000| PB 0x0000000715800000| Untracked 
| 173|0x0000000715a00000, 0x0000000715c00000, 0x0000000715c00000|100%| O|  |TAMS 0x0000000715a00000| PB 0x0000000715a00000| Untracked 
| 174|0x0000000715c00000, 0x0000000715e00000, 0x0000000715e00000|100%| O|  |TAMS 0x0000000715c00000| PB 0x0000000715c00000| Untracked 
| 175|0x0000000715e00000, 0x0000000716000000, 0x0000000716000000|100%| O|  |TAMS 0x0000000715e00000| PB 0x0000000715e00000| Untracked 
| 176|0x0000000716000000, 0x0000000716200000, 0x0000000716200000|100%| O|Cm|TAMS 0x0000000716000000| PB 0x0000000716000000| Complete 
| 177|0x0000000716200000, 0x0000000716400000, 0x0000000716400000|100%| O|  |TAMS 0x0000000716200000| PB 0x0000000716200000| Untracked 
| 178|0x0000000716400000, 0x0000000716400000, 0x0000000716600000|  0%| F|  |TAMS 0x0000000716400000| PB 0x0000000716400000| Untracked 
| 179|0x0000000716600000, 0x0000000716800000, 0x0000000716800000|100%| O|  |TAMS 0x0000000716600000| PB 0x0000000716600000| Untracked 
| 180|0x0000000716800000, 0x0000000716a00000, 0x0000000716a00000|100%| O|  |TAMS 0x0000000716800000| PB 0x0000000716800000| Untracked 
| 181|0x0000000716a00000, 0x0000000716a00000, 0x0000000716c00000|  0%| F|  |TAMS 0x0000000716a00000| PB 0x0000000716a00000| Untracked 
| 182|0x0000000716c00000, 0x0000000716c00000, 0x0000000716e00000|  0%| F|  |TAMS 0x0000000716c00000| PB 0x0000000716c00000| Untracked 
| 183|0x0000000716e00000, 0x0000000717000000, 0x0000000717000000|100%| O|  |TAMS 0x0000000716e00000| PB 0x0000000716e00000| Untracked 
| 184|0x0000000717000000, 0x0000000717000000, 0x0000000717200000|  0%| F|  |TAMS 0x0000000717000000| PB 0x0000000717000000| Untracked 
| 185|0x0000000717200000, 0x0000000717400000, 0x0000000717400000|100%| O|  |TAMS 0x0000000717200000| PB 0x0000000717200000| Untracked 
| 186|0x0000000717400000, 0x0000000717600000, 0x0000000717600000|100%| O|  |TAMS 0x0000000717400000| PB 0x0000000717400000| Untracked 
| 187|0x0000000717600000, 0x0000000717800000, 0x0000000717800000|100%| O|  |TAMS 0x0000000717600000| PB 0x0000000717600000| Untracked 
| 188|0x0000000717800000, 0x0000000717800000, 0x0000000717a00000|  0%| F|  |TAMS 0x0000000717800000| PB 0x0000000717800000| Untracked 
| 189|0x0000000717a00000, 0x0000000717c00000, 0x0000000717c00000|100%| O|  |TAMS 0x0000000717a00000| PB 0x0000000717a00000| Untracked 
| 190|0x0000000717c00000, 0x0000000717c00000, 0x0000000717e00000|  0%| F|  |TAMS 0x0000000717c00000| PB 0x0000000717c00000| Untracked 
| 191|0x0000000717e00000, 0x0000000718000000, 0x0000000718000000|100%| O|  |TAMS 0x0000000717e00000| PB 0x0000000717e00000| Untracked 
| 192|0x0000000718000000, 0x0000000718200000, 0x0000000718200000|100%| O|Cm|TAMS 0x0000000718000000| PB 0x0000000718000000| Complete 
| 193|0x0000000718200000, 0x0000000718400000, 0x0000000718400000|100%| O|Cm|TAMS 0x0000000718200000| PB 0x0000000718200000| Complete 
| 194|0x0000000718400000, 0x0000000718600000, 0x0000000718600000|100%| O|  |TAMS 0x0000000718400000| PB 0x0000000718400000| Untracked 
| 195|0x0000000718600000, 0x0000000718800000, 0x0000000718800000|100%| O|Cm|TAMS 0x0000000718600000| PB 0x0000000718600000| Complete 
| 196|0x0000000718800000, 0x0000000718a00000, 0x0000000718a00000|100%| O|  |TAMS 0x0000000718800000| PB 0x0000000718800000| Untracked 
| 197|0x0000000718a00000, 0x0000000718a00000, 0x0000000718c00000|  0%| F|  |TAMS 0x0000000718a00000| PB 0x0000000718a00000| Untracked 
| 198|0x0000000718c00000, 0x0000000718e00000, 0x0000000718e00000|100%| O|Cm|TAMS 0x0000000718c00000| PB 0x0000000718c00000| Complete 
| 199|0x0000000718e00000, 0x0000000719000000, 0x0000000719000000|100%| O|Cm|TAMS 0x0000000718e00000| PB 0x0000000718e00000| Complete 
| 200|0x0000000719000000, 0x0000000719200000, 0x0000000719200000|100%| O|  |TAMS 0x0000000719000000| PB 0x0000000719000000| Untracked 
| 201|0x0000000719200000, 0x0000000719400000, 0x0000000719400000|100%| O|Cm|TAMS 0x0000000719200000| PB 0x0000000719200000| Complete 
| 202|0x0000000719400000, 0x0000000719400000, 0x0000000719600000|  0%| F|  |TAMS 0x0000000719400000| PB 0x0000000719400000| Untracked 
| 203|0x0000000719600000, 0x0000000719600000, 0x0000000719800000|  0%| F|  |TAMS 0x0000000719600000| PB 0x0000000719600000| Untracked 
| 204|0x0000000719800000, 0x0000000719800000, 0x0000000719a00000|  0%| F|  |TAMS 0x0000000719800000| PB 0x0000000719800000| Untracked 
| 205|0x0000000719a00000, 0x0000000719c00000, 0x0000000719c00000|100%| O|Cm|TAMS 0x0000000719a00000| PB 0x0000000719a00000| Complete 
| 206|0x0000000719c00000, 0x0000000719e00000, 0x0000000719e00000|100%| O|  |TAMS 0x0000000719c00000| PB 0x0000000719c00000| Untracked 
| 207|0x0000000719e00000, 0x0000000719e00000, 0x000000071a000000|  0%| F|  |TAMS 0x0000000719e00000| PB 0x0000000719e00000| Untracked 
| 208|0x000000071a000000, 0x000000071a200000, 0x000000071a200000|100%| O|Cm|TAMS 0x000000071a000000| PB 0x000000071a000000| Complete 
| 209|0x000000071a200000, 0x000000071a200000, 0x000000071a400000|  0%| F|  |TAMS 0x000000071a200000| PB 0x000000071a200000| Untracked 
| 210|0x000000071a400000, 0x000000071a600000, 0x000000071a600000|100%| O|Cm|TAMS 0x000000071a400000| PB 0x000000071a400000| Complete 
| 211|0x000000071a600000, 0x000000071a800000, 0x000000071a800000|100%| O|  |TAMS 0x000000071a600000| PB 0x000000071a600000| Untracked 
| 212|0x000000071a800000, 0x000000071aa00000, 0x000000071aa00000|100%| O|  |TAMS 0x000000071a800000| PB 0x000000071a800000| Untracked 
| 213|0x000000071aa00000, 0x000000071aa00000, 0x000000071ac00000|  0%| F|  |TAMS 0x000000071aa00000| PB 0x000000071aa00000| Untracked 
| 214|0x000000071ac00000, 0x000000071ae00000, 0x000000071ae00000|100%| O|  |TAMS 0x000000071ac00000| PB 0x000000071ac00000| Untracked 
| 215|0x000000071ae00000, 0x000000071b000000, 0x000000071b000000|100%| O|  |TAMS 0x000000071ae00000| PB 0x000000071ae00000| Untracked 
| 216|0x000000071b000000, 0x000000071b000000, 0x000000071b200000|  0%| F|  |TAMS 0x000000071b000000| PB 0x000000071b000000| Untracked 
| 217|0x000000071b200000, 0x000000071b200000, 0x000000071b400000|  0%| F|  |TAMS 0x000000071b200000| PB 0x000000071b200000| Untracked 
| 218|0x000000071b400000, 0x000000071b600000, 0x000000071b600000|100%| O|  |TAMS 0x000000071b400000| PB 0x000000071b400000| Untracked 
| 219|0x000000071b600000, 0x000000071b800000, 0x000000071b800000|100%| O|  |TAMS 0x000000071b600000| PB 0x000000071b600000| Untracked 
| 220|0x000000071b800000, 0x000000071ba00000, 0x000000071ba00000|100%| O|  |TAMS 0x000000071b800000| PB 0x000000071b800000| Untracked 
| 221|0x000000071ba00000, 0x000000071bc00000, 0x000000071bc00000|100%| O|  |TAMS 0x000000071ba00000| PB 0x000000071ba00000| Untracked 
| 222|0x000000071bc00000, 0x000000071be00000, 0x000000071be00000|100%| O|Cm|TAMS 0x000000071bc00000| PB 0x000000071bc00000| Complete 
| 223|0x000000071be00000, 0x000000071c000000, 0x000000071c000000|100%| O|  |TAMS 0x000000071be00000| PB 0x000000071be00000| Untracked 
| 224|0x000000071c000000, 0x000000071c200000, 0x000000071c200000|100%| O|Cm|TAMS 0x000000071c000000| PB 0x000000071c000000| Complete 
| 225|0x000000071c200000, 0x000000071c400000, 0x000000071c400000|100%| O|  |TAMS 0x000000071c200000| PB 0x000000071c200000| Untracked 
| 226|0x000000071c400000, 0x000000071c400000, 0x000000071c600000|  0%| F|  |TAMS 0x000000071c400000| PB 0x000000071c400000| Untracked 
| 227|0x000000071c600000, 0x000000071c800000, 0x000000071c800000|100%| O|  |TAMS 0x000000071c600000| PB 0x000000071c600000| Untracked 
| 228|0x000000071c800000, 0x000000071c800000, 0x000000071ca00000|  0%| F|  |TAMS 0x000000071c800000| PB 0x000000071c800000| Untracked 
| 229|0x000000071ca00000, 0x000000071ca00000, 0x000000071cc00000|  0%| F|  |TAMS 0x000000071ca00000| PB 0x000000071ca00000| Untracked 
| 230|0x000000071cc00000, 0x000000071ce00000, 0x000000071ce00000|100%| O|  |TAMS 0x000000071cc00000| PB 0x000000071cc00000| Untracked 
| 231|0x000000071ce00000, 0x000000071d000000, 0x000000071d000000|100%| O|Cm|TAMS 0x000000071ce00000| PB 0x000000071ce00000| Complete 
| 232|0x000000071d000000, 0x000000071d200000, 0x000000071d200000|100%| O|  |TAMS 0x000000071d000000| PB 0x000000071d000000| Untracked 
| 233|0x000000071d200000, 0x000000071d400000, 0x000000071d400000|100%| O|Cm|TAMS 0x000000071d200000| PB 0x000000071d200000| Complete 
| 234|0x000000071d400000, 0x000000071d400000, 0x000000071d600000|  0%| F|  |TAMS 0x000000071d400000| PB 0x000000071d400000| Untracked 
| 235|0x000000071d600000, 0x000000071d600000, 0x000000071d800000|  0%| F|  |TAMS 0x000000071d600000| PB 0x000000071d600000| Untracked 
| 236|0x000000071d800000, 0x000000071d800000, 0x000000071da00000|  0%| F|  |TAMS 0x000000071d800000| PB 0x000000071d800000| Untracked 
| 237|0x000000071da00000, 0x000000071dc00000, 0x000000071dc00000|100%| O|  |TAMS 0x000000071da00000| PB 0x000000071da00000| Untracked 
| 238|0x000000071dc00000, 0x000000071de00000, 0x000000071de00000|100%| O|  |TAMS 0x000000071dc00000| PB 0x000000071dc00000| Untracked 
| 239|0x000000071de00000, 0x000000071e000000, 0x000000071e000000|100%| O|  |TAMS 0x000000071de00000| PB 0x000000071de00000| Untracked 
| 240|0x000000071e000000, 0x000000071e000000, 0x000000071e200000|  0%| F|  |TAMS 0x000000071e000000| PB 0x000000071e000000| Untracked 
| 241|0x000000071e200000, 0x000000071e200000, 0x000000071e400000|  0%| F|  |TAMS 0x000000071e200000| PB 0x000000071e200000| Untracked 
| 242|0x000000071e400000, 0x000000071e600000, 0x000000071e600000|100%| O|  |TAMS 0x000000071e400000| PB 0x000000071e400000| Untracked 
| 243|0x000000071e600000, 0x000000071e600000, 0x000000071e800000|  0%| F|  |TAMS 0x000000071e600000| PB 0x000000071e600000| Untracked 
| 244|0x000000071e800000, 0x000000071e800000, 0x000000071ea00000|  0%| F|  |TAMS 0x000000071e800000| PB 0x000000071e800000| Untracked 
| 245|0x000000071ea00000, 0x000000071ec00000, 0x000000071ec00000|100%| O|Cm|TAMS 0x000000071ea00000| PB 0x000000071ea00000| Complete 
| 246|0x000000071ec00000, 0x000000071ec00000, 0x000000071ee00000|  0%| F|  |TAMS 0x000000071ec00000| PB 0x000000071ec00000| Untracked 
| 247|0x000000071ee00000, 0x000000071ee00000, 0x000000071f000000|  0%| F|  |TAMS 0x000000071ee00000| PB 0x000000071ee00000| Untracked 
| 248|0x000000071f000000, 0x000000071f200000, 0x000000071f200000|100%| O|Cm|TAMS 0x000000071f000000| PB 0x000000071f000000| Complete 
| 249|0x000000071f200000, 0x000000071f200000, 0x000000071f400000|  0%| F|  |TAMS 0x000000071f200000| PB 0x000000071f200000| Untracked 
| 250|0x000000071f400000, 0x000000071f600000, 0x000000071f600000|100%| O|  |TAMS 0x000000071f400000| PB 0x000000071f400000| Untracked 
| 251|0x000000071f600000, 0x000000071f600000, 0x000000071f800000|  0%| F|  |TAMS 0x000000071f600000| PB 0x000000071f600000| Untracked 
| 252|0x000000071f800000, 0x000000071f800000, 0x000000071fa00000|  0%| F|  |TAMS 0x000000071f800000| PB 0x000000071f800000| Untracked 
| 253|0x000000071fa00000, 0x000000071fa00000, 0x000000071fc00000|  0%| F|  |TAMS 0x000000071fa00000| PB 0x000000071fa00000| Untracked 
| 254|0x000000071fc00000, 0x000000071fc00000, 0x000000071fe00000|  0%| F|  |TAMS 0x000000071fc00000| PB 0x000000071fc00000| Untracked 
| 255|0x000000071fe00000, 0x000000071fe00000, 0x0000000720000000|  0%| F|  |TAMS 0x000000071fe00000| PB 0x000000071fe00000| Untracked 
| 256|0x0000000720000000, 0x0000000720000000, 0x0000000720200000|  0%| F|  |TAMS 0x0000000720000000| PB 0x0000000720000000| Untracked 
| 257|0x0000000720200000, 0x0000000720200000, 0x0000000720400000|  0%| F|  |TAMS 0x0000000720200000| PB 0x0000000720200000| Untracked 
| 258|0x0000000720400000, 0x0000000720400000, 0x0000000720600000|  0%| F|  |TAMS 0x0000000720400000| PB 0x0000000720400000| Untracked 
| 259|0x0000000720600000, 0x0000000720600000, 0x0000000720800000|  0%| F|  |TAMS 0x0000000720600000| PB 0x0000000720600000| Untracked 
| 260|0x0000000720800000, 0x0000000720800000, 0x0000000720a00000|  0%| F|  |TAMS 0x0000000720800000| PB 0x0000000720800000| Untracked 
| 261|0x0000000720a00000, 0x0000000720a00000, 0x0000000720c00000|  0%| F|  |TAMS 0x0000000720a00000| PB 0x0000000720a00000| Untracked 
| 262|0x0000000720c00000, 0x0000000720c00000, 0x0000000720e00000|  0%| F|  |TAMS 0x0000000720c00000| PB 0x0000000720c00000| Untracked 
| 263|0x0000000720e00000, 0x0000000720e00000, 0x0000000721000000|  0%| F|  |TAMS 0x0000000720e00000| PB 0x0000000720e00000| Untracked 
| 264|0x0000000721000000, 0x0000000721000000, 0x0000000721200000|  0%| F|  |TAMS 0x0000000721000000| PB 0x0000000721000000| Untracked 
| 265|0x0000000721200000, 0x0000000721200000, 0x0000000721400000|  0%| F|  |TAMS 0x0000000721200000| PB 0x0000000721200000| Untracked 
| 266|0x0000000721400000, 0x0000000721400000, 0x0000000721600000|  0%| F|  |TAMS 0x0000000721400000| PB 0x0000000721400000| Untracked 
| 267|0x0000000721600000, 0x0000000721600000, 0x0000000721800000|  0%| F|  |TAMS 0x0000000721600000| PB 0x0000000721600000| Untracked 
| 268|0x0000000721800000, 0x0000000721800000, 0x0000000721a00000|  0%| F|  |TAMS 0x0000000721800000| PB 0x0000000721800000| Untracked 
| 269|0x0000000721a00000, 0x0000000721a00000, 0x0000000721c00000|  0%| F|  |TAMS 0x0000000721a00000| PB 0x0000000721a00000| Untracked 
| 270|0x0000000721c00000, 0x0000000721c00000, 0x0000000721e00000|  0%| F|  |TAMS 0x0000000721c00000| PB 0x0000000721c00000| Untracked 
| 271|0x0000000721e00000, 0x0000000721e00000, 0x0000000722000000|  0%| F|  |TAMS 0x0000000721e00000| PB 0x0000000721e00000| Untracked 
| 272|0x0000000722000000, 0x0000000722000000, 0x0000000722200000|  0%| F|  |TAMS 0x0000000722000000| PB 0x0000000722000000| Untracked 
| 273|0x0000000722200000, 0x0000000722200000, 0x0000000722400000|  0%| F|  |TAMS 0x0000000722200000| PB 0x0000000722200000| Untracked 
| 274|0x0000000722400000, 0x0000000722400000, 0x0000000722600000|  0%| F|  |TAMS 0x0000000722400000| PB 0x0000000722400000| Untracked 
| 275|0x0000000722600000, 0x0000000722600000, 0x0000000722800000|  0%| F|  |TAMS 0x0000000722600000| PB 0x0000000722600000| Untracked 
| 276|0x0000000722800000, 0x0000000722800000, 0x0000000722a00000|  0%| F|  |TAMS 0x0000000722800000| PB 0x0000000722800000| Untracked 
| 277|0x0000000722a00000, 0x0000000722a00000, 0x0000000722c00000|  0%| F|  |TAMS 0x0000000722a00000| PB 0x0000000722a00000| Untracked 
| 278|0x0000000722c00000, 0x0000000722c00000, 0x0000000722e00000|  0%| F|  |TAMS 0x0000000722c00000| PB 0x0000000722c00000| Untracked 
| 279|0x0000000722e00000, 0x0000000722e00000, 0x0000000723000000|  0%| F|  |TAMS 0x0000000722e00000| PB 0x0000000722e00000| Untracked 
| 280|0x0000000723000000, 0x0000000723000000, 0x0000000723200000|  0%| F|  |TAMS 0x0000000723000000| PB 0x0000000723000000| Untracked 
| 281|0x0000000723200000, 0x0000000723200000, 0x0000000723400000|  0%| F|  |TAMS 0x0000000723200000| PB 0x0000000723200000| Untracked 
| 282|0x0000000723400000, 0x0000000723400000, 0x0000000723600000|  0%| F|  |TAMS 0x0000000723400000| PB 0x0000000723400000| Untracked 
| 283|0x0000000723600000, 0x0000000723600000, 0x0000000723800000|  0%| F|  |TAMS 0x0000000723600000| PB 0x0000000723600000| Untracked 
| 284|0x0000000723800000, 0x0000000723800000, 0x0000000723a00000|  0%| F|  |TAMS 0x0000000723800000| PB 0x0000000723800000| Untracked 
| 285|0x0000000723a00000, 0x0000000723a00000, 0x0000000723c00000|  0%| F|  |TAMS 0x0000000723a00000| PB 0x0000000723a00000| Untracked 
| 286|0x0000000723c00000, 0x0000000723c00000, 0x0000000723e00000|  0%| F|  |TAMS 0x0000000723c00000| PB 0x0000000723c00000| Untracked 
| 287|0x0000000723e00000, 0x0000000723e00000, 0x0000000724000000|  0%| F|  |TAMS 0x0000000723e00000| PB 0x0000000723e00000| Untracked 
| 288|0x0000000724000000, 0x0000000724000000, 0x0000000724200000|  0%| F|  |TAMS 0x0000000724000000| PB 0x0000000724000000| Untracked 
| 289|0x0000000724200000, 0x0000000724200000, 0x0000000724400000|  0%| F|  |TAMS 0x0000000724200000| PB 0x0000000724200000| Untracked 
| 290|0x0000000724400000, 0x0000000724400000, 0x0000000724600000|  0%| F|  |TAMS 0x0000000724400000| PB 0x0000000724400000| Untracked 
| 291|0x0000000724600000, 0x0000000724600000, 0x0000000724800000|  0%| F|  |TAMS 0x0000000724600000| PB 0x0000000724600000| Untracked 
| 292|0x0000000724800000, 0x0000000724800000, 0x0000000724a00000|  0%| F|  |TAMS 0x0000000724800000| PB 0x0000000724800000| Untracked 
| 293|0x0000000724a00000, 0x0000000724a00000, 0x0000000724c00000|  0%| F|  |TAMS 0x0000000724a00000| PB 0x0000000724a00000| Untracked 
| 294|0x0000000724c00000, 0x0000000724c00000, 0x0000000724e00000|  0%| F|  |TAMS 0x0000000724c00000| PB 0x0000000724c00000| Untracked 
| 295|0x0000000724e00000, 0x0000000724e00000, 0x0000000725000000|  0%| F|  |TAMS 0x0000000724e00000| PB 0x0000000724e00000| Untracked 
| 296|0x0000000725000000, 0x0000000725000000, 0x0000000725200000|  0%| F|  |TAMS 0x0000000725000000| PB 0x0000000725000000| Untracked 
| 297|0x0000000725200000, 0x0000000725200000, 0x0000000725400000|  0%| F|  |TAMS 0x0000000725200000| PB 0x0000000725200000| Untracked 
| 298|0x0000000725400000, 0x0000000725400000, 0x0000000725600000|  0%| F|  |TAMS 0x0000000725400000| PB 0x0000000725400000| Untracked 
| 299|0x0000000725600000, 0x0000000725600000, 0x0000000725800000|  0%| F|  |TAMS 0x0000000725600000| PB 0x0000000725600000| Untracked 
| 300|0x0000000725800000, 0x0000000725800000, 0x0000000725a00000|  0%| F|  |TAMS 0x0000000725800000| PB 0x0000000725800000| Untracked 
| 301|0x0000000725a00000, 0x0000000725a00000, 0x0000000725c00000|  0%| F|  |TAMS 0x0000000725a00000| PB 0x0000000725a00000| Untracked 
| 302|0x0000000725c00000, 0x0000000725c00000, 0x0000000725e00000|  0%| F|  |TAMS 0x0000000725c00000| PB 0x0000000725c00000| Untracked 
| 303|0x0000000725e00000, 0x0000000725e00000, 0x0000000726000000|  0%| F|  |TAMS 0x0000000725e00000| PB 0x0000000725e00000| Untracked 
| 304|0x0000000726000000, 0x0000000726000000, 0x0000000726200000|  0%| F|  |TAMS 0x0000000726000000| PB 0x0000000726000000| Untracked 
| 305|0x0000000726200000, 0x0000000726200000, 0x0000000726400000|  0%| F|  |TAMS 0x0000000726200000| PB 0x0000000726200000| Untracked 
| 306|0x0000000726400000, 0x0000000726400000, 0x0000000726600000|  0%| F|  |TAMS 0x0000000726400000| PB 0x0000000726400000| Untracked 
| 307|0x0000000726600000, 0x0000000726600000, 0x0000000726800000|  0%| F|  |TAMS 0x0000000726600000| PB 0x0000000726600000| Untracked 
| 308|0x0000000726800000, 0x0000000726800000, 0x0000000726a00000|  0%| F|  |TAMS 0x0000000726800000| PB 0x0000000726800000| Untracked 
| 309|0x0000000726a00000, 0x0000000726a00000, 0x0000000726c00000|  0%| F|  |TAMS 0x0000000726a00000| PB 0x0000000726a00000| Untracked 
| 310|0x0000000726c00000, 0x0000000726c00000, 0x0000000726e00000|  0%| F|  |TAMS 0x0000000726c00000| PB 0x0000000726c00000| Untracked 
| 311|0x0000000726e00000, 0x0000000726e00000, 0x0000000727000000|  0%| F|  |TAMS 0x0000000726e00000| PB 0x0000000726e00000| Untracked 
| 312|0x0000000727000000, 0x0000000727000000, 0x0000000727200000|  0%| F|  |TAMS 0x0000000727000000| PB 0x0000000727000000| Untracked 
| 313|0x0000000727200000, 0x0000000727200000, 0x0000000727400000|  0%| F|  |TAMS 0x0000000727200000| PB 0x0000000727200000| Untracked 
| 314|0x0000000727400000, 0x0000000727400000, 0x0000000727600000|  0%| F|  |TAMS 0x0000000727400000| PB 0x0000000727400000| Untracked 
| 315|0x0000000727600000, 0x0000000727600000, 0x0000000727800000|  0%| F|  |TAMS 0x0000000727600000| PB 0x0000000727600000| Untracked 
| 316|0x0000000727800000, 0x0000000727800000, 0x0000000727a00000|  0%| F|  |TAMS 0x0000000727800000| PB 0x0000000727800000| Untracked 
| 317|0x0000000727a00000, 0x0000000727a00000, 0x0000000727c00000|  0%| F|  |TAMS 0x0000000727a00000| PB 0x0000000727a00000| Untracked 
| 318|0x0000000727c00000, 0x0000000727c00000, 0x0000000727e00000|  0%| F|  |TAMS 0x0000000727c00000| PB 0x0000000727c00000| Untracked 
| 319|0x0000000727e00000, 0x0000000727e00000, 0x0000000728000000|  0%| F|  |TAMS 0x0000000727e00000| PB 0x0000000727e00000| Untracked 
| 320|0x0000000728000000, 0x0000000728000000, 0x0000000728200000|  0%| F|  |TAMS 0x0000000728000000| PB 0x0000000728000000| Untracked 
| 321|0x0000000728200000, 0x0000000728200000, 0x0000000728400000|  0%| F|  |TAMS 0x0000000728200000| PB 0x0000000728200000| Untracked 
| 322|0x0000000728400000, 0x0000000728400000, 0x0000000728600000|  0%| F|  |TAMS 0x0000000728400000| PB 0x0000000728400000| Untracked 
| 323|0x0000000728600000, 0x0000000728600000, 0x0000000728800000|  0%| F|  |TAMS 0x0000000728600000| PB 0x0000000728600000| Untracked 
| 324|0x0000000728800000, 0x0000000728800000, 0x0000000728a00000|  0%| F|  |TAMS 0x0000000728800000| PB 0x0000000728800000| Untracked 
| 325|0x0000000728a00000, 0x0000000728a00000, 0x0000000728c00000|  0%| F|  |TAMS 0x0000000728a00000| PB 0x0000000728a00000| Untracked 
| 326|0x0000000728c00000, 0x0000000728c00000, 0x0000000728e00000|  0%| F|  |TAMS 0x0000000728c00000| PB 0x0000000728c00000| Untracked 
| 327|0x0000000728e00000, 0x0000000728e00000, 0x0000000729000000|  0%| F|  |TAMS 0x0000000728e00000| PB 0x0000000728e00000| Untracked 
| 328|0x0000000729000000, 0x0000000729000000, 0x0000000729200000|  0%| F|  |TAMS 0x0000000729000000| PB 0x0000000729000000| Untracked 
| 329|0x0000000729200000, 0x0000000729200000, 0x0000000729400000|  0%| F|  |TAMS 0x0000000729200000| PB 0x0000000729200000| Untracked 
| 330|0x0000000729400000, 0x0000000729400000, 0x0000000729600000|  0%| F|  |TAMS 0x0000000729400000| PB 0x0000000729400000| Untracked 
| 331|0x0000000729600000, 0x0000000729600000, 0x0000000729800000|  0%| F|  |TAMS 0x0000000729600000| PB 0x0000000729600000| Untracked 
| 332|0x0000000729800000, 0x0000000729800000, 0x0000000729a00000|  0%| F|  |TAMS 0x0000000729800000| PB 0x0000000729800000| Untracked 
| 333|0x0000000729a00000, 0x0000000729a00000, 0x0000000729c00000|  0%| F|  |TAMS 0x0000000729a00000| PB 0x0000000729a00000| Untracked 
| 334|0x0000000729c00000, 0x0000000729c00000, 0x0000000729e00000|  0%| F|  |TAMS 0x0000000729c00000| PB 0x0000000729c00000| Untracked 
| 335|0x0000000729e00000, 0x0000000729e00000, 0x000000072a000000|  0%| F|  |TAMS 0x0000000729e00000| PB 0x0000000729e00000| Untracked 
| 336|0x000000072a000000, 0x000000072a000000, 0x000000072a200000|  0%| F|  |TAMS 0x000000072a000000| PB 0x000000072a000000| Untracked 
| 337|0x000000072a200000, 0x000000072a200000, 0x000000072a400000|  0%| F|  |TAMS 0x000000072a200000| PB 0x000000072a200000| Untracked 
| 338|0x000000072a400000, 0x000000072a400000, 0x000000072a600000|  0%| F|  |TAMS 0x000000072a400000| PB 0x000000072a400000| Untracked 
| 339|0x000000072a600000, 0x000000072a600000, 0x000000072a800000|  0%| F|  |TAMS 0x000000072a600000| PB 0x000000072a600000| Untracked 
| 340|0x000000072a800000, 0x000000072a800000, 0x000000072aa00000|  0%| F|  |TAMS 0x000000072a800000| PB 0x000000072a800000| Untracked 
| 341|0x000000072aa00000, 0x000000072aa00000, 0x000000072ac00000|  0%| F|  |TAMS 0x000000072aa00000| PB 0x000000072aa00000| Untracked 
| 342|0x000000072ac00000, 0x000000072ac00000, 0x000000072ae00000|  0%| F|  |TAMS 0x000000072ac00000| PB 0x000000072ac00000| Untracked 
| 343|0x000000072ae00000, 0x000000072ae00000, 0x000000072b000000|  0%| F|  |TAMS 0x000000072ae00000| PB 0x000000072ae00000| Untracked 
| 344|0x000000072b000000, 0x000000072b000000, 0x000000072b200000|  0%| F|  |TAMS 0x000000072b000000| PB 0x000000072b000000| Untracked 
| 345|0x000000072b200000, 0x000000072b200000, 0x000000072b400000|  0%| F|  |TAMS 0x000000072b200000| PB 0x000000072b200000| Untracked 
| 346|0x000000072b400000, 0x000000072b400000, 0x000000072b600000|  0%| F|  |TAMS 0x000000072b400000| PB 0x000000072b400000| Untracked 
| 347|0x000000072b600000, 0x000000072b600000, 0x000000072b800000|  0%| F|  |TAMS 0x000000072b600000| PB 0x000000072b600000| Untracked 
| 348|0x000000072b800000, 0x000000072b800000, 0x000000072ba00000|  0%| F|  |TAMS 0x000000072b800000| PB 0x000000072b800000| Untracked 
| 349|0x000000072ba00000, 0x000000072ba00000, 0x000000072bc00000|  0%| F|  |TAMS 0x000000072ba00000| PB 0x000000072ba00000| Untracked 
| 350|0x000000072bc00000, 0x000000072bc00000, 0x000000072be00000|  0%| F|  |TAMS 0x000000072bc00000| PB 0x000000072bc00000| Untracked 
| 351|0x000000072be00000, 0x000000072be00000, 0x000000072c000000|  0%| F|  |TAMS 0x000000072be00000| PB 0x000000072be00000| Untracked 
| 352|0x000000072c000000, 0x000000072c000000, 0x000000072c200000|  0%| F|  |TAMS 0x000000072c000000| PB 0x000000072c000000| Untracked 
| 353|0x000000072c200000, 0x000000072c200000, 0x000000072c400000|  0%| F|  |TAMS 0x000000072c200000| PB 0x000000072c200000| Untracked 
| 354|0x000000072c400000, 0x000000072c400000, 0x000000072c600000|  0%| F|  |TAMS 0x000000072c400000| PB 0x000000072c400000| Untracked 
| 355|0x000000072c600000, 0x000000072c600000, 0x000000072c800000|  0%| F|  |TAMS 0x000000072c600000| PB 0x000000072c600000| Untracked 
| 356|0x000000072c800000, 0x000000072c800000, 0x000000072ca00000|  0%| F|  |TAMS 0x000000072c800000| PB 0x000000072c800000| Untracked 
| 357|0x000000072ca00000, 0x000000072ca00000, 0x000000072cc00000|  0%| F|  |TAMS 0x000000072ca00000| PB 0x000000072ca00000| Untracked 
| 358|0x000000072cc00000, 0x000000072cc00000, 0x000000072ce00000|  0%| F|  |TAMS 0x000000072cc00000| PB 0x000000072cc00000| Untracked 
| 359|0x000000072ce00000, 0x000000072ce00000, 0x000000072d000000|  0%| F|  |TAMS 0x000000072ce00000| PB 0x000000072ce00000| Untracked 
| 360|0x000000072d000000, 0x000000072d000000, 0x000000072d200000|  0%| F|  |TAMS 0x000000072d000000| PB 0x000000072d000000| Untracked 
| 361|0x000000072d200000, 0x000000072d200000, 0x000000072d400000|  0%| F|  |TAMS 0x000000072d200000| PB 0x000000072d200000| Untracked 
| 362|0x000000072d400000, 0x000000072d400000, 0x000000072d600000|  0%| F|  |TAMS 0x000000072d400000| PB 0x000000072d400000| Untracked 
| 363|0x000000072d600000, 0x000000072d600000, 0x000000072d800000|  0%| F|  |TAMS 0x000000072d600000| PB 0x000000072d600000| Untracked 
| 364|0x000000072d800000, 0x000000072d800000, 0x000000072da00000|  0%| F|  |TAMS 0x000000072d800000| PB 0x000000072d800000| Untracked 
| 365|0x000000072da00000, 0x000000072da00000, 0x000000072dc00000|  0%| F|  |TAMS 0x000000072da00000| PB 0x000000072da00000| Untracked 
| 366|0x000000072dc00000, 0x000000072dc00000, 0x000000072de00000|  0%| F|  |TAMS 0x000000072dc00000| PB 0x000000072dc00000| Untracked 
| 367|0x000000072de00000, 0x000000072de00000, 0x000000072e000000|  0%| F|  |TAMS 0x000000072de00000| PB 0x000000072de00000| Untracked 
| 368|0x000000072e000000, 0x000000072e000000, 0x000000072e200000|  0%| F|  |TAMS 0x000000072e000000| PB 0x000000072e000000| Untracked 
| 369|0x000000072e200000, 0x000000072e200000, 0x000000072e400000|  0%| F|  |TAMS 0x000000072e200000| PB 0x000000072e200000| Untracked 
| 370|0x000000072e400000, 0x000000072e400000, 0x000000072e600000|  0%| F|  |TAMS 0x000000072e400000| PB 0x000000072e400000| Untracked 
| 371|0x000000072e600000, 0x000000072e600000, 0x000000072e800000|  0%| F|  |TAMS 0x000000072e600000| PB 0x000000072e600000| Untracked 
| 372|0x000000072e800000, 0x000000072e800000, 0x000000072ea00000|  0%| F|  |TAMS 0x000000072e800000| PB 0x000000072e800000| Untracked 
| 373|0x000000072ea00000, 0x000000072ea00000, 0x000000072ec00000|  0%| F|  |TAMS 0x000000072ea00000| PB 0x000000072ea00000| Untracked 
| 374|0x000000072ec00000, 0x000000072ec00000, 0x000000072ee00000|  0%| F|  |TAMS 0x000000072ec00000| PB 0x000000072ec00000| Untracked 
| 375|0x000000072ee00000, 0x000000072ee00000, 0x000000072f000000|  0%| F|  |TAMS 0x000000072ee00000| PB 0x000000072ee00000| Untracked 
| 376|0x000000072f000000, 0x000000072f000000, 0x000000072f200000|  0%| F|  |TAMS 0x000000072f000000| PB 0x000000072f000000| Untracked 
| 377|0x000000072f200000, 0x000000072f200000, 0x000000072f400000|  0%| F|  |TAMS 0x000000072f200000| PB 0x000000072f200000| Untracked 
| 378|0x000000072f400000, 0x000000072f400000, 0x000000072f600000|  0%| F|  |TAMS 0x000000072f400000| PB 0x000000072f400000| Untracked 
| 379|0x000000072f600000, 0x000000072f600000, 0x000000072f800000|  0%| F|  |TAMS 0x000000072f600000| PB 0x000000072f600000| Untracked 
| 380|0x000000072f800000, 0x000000072f800000, 0x000000072fa00000|  0%| F|  |TAMS 0x000000072f800000| PB 0x000000072f800000| Untracked 
| 381|0x000000072fa00000, 0x000000072fa00000, 0x000000072fc00000|  0%| F|  |TAMS 0x000000072fa00000| PB 0x000000072fa00000| Untracked 
| 382|0x000000072fc00000, 0x000000072fc00000, 0x000000072fe00000|  0%| F|  |TAMS 0x000000072fc00000| PB 0x000000072fc00000| Untracked 
| 383|0x000000072fe00000, 0x000000072fe00000, 0x0000000730000000|  0%| F|  |TAMS 0x000000072fe00000| PB 0x000000072fe00000| Untracked 
| 384|0x0000000730000000, 0x0000000730000000, 0x0000000730200000|  0%| F|  |TAMS 0x0000000730000000| PB 0x0000000730000000| Untracked 
| 385|0x0000000730200000, 0x0000000730200000, 0x0000000730400000|  0%| F|  |TAMS 0x0000000730200000| PB 0x0000000730200000| Untracked 
| 386|0x0000000730400000, 0x0000000730400000, 0x0000000730600000|  0%| F|  |TAMS 0x0000000730400000| PB 0x0000000730400000| Untracked 
| 387|0x0000000730600000, 0x0000000730600000, 0x0000000730800000|  0%| F|  |TAMS 0x0000000730600000| PB 0x0000000730600000| Untracked 
| 388|0x0000000730800000, 0x0000000730800000, 0x0000000730a00000|  0%| F|  |TAMS 0x0000000730800000| PB 0x0000000730800000| Untracked 
| 389|0x0000000730a00000, 0x0000000730a00000, 0x0000000730c00000|  0%| F|  |TAMS 0x0000000730a00000| PB 0x0000000730a00000| Untracked 
| 390|0x0000000730c00000, 0x0000000730c00000, 0x0000000730e00000|  0%| F|  |TAMS 0x0000000730c00000| PB 0x0000000730c00000| Untracked 
| 391|0x0000000730e00000, 0x0000000730e00000, 0x0000000731000000|  0%| F|  |TAMS 0x0000000730e00000| PB 0x0000000730e00000| Untracked 
| 392|0x0000000731000000, 0x0000000731000000, 0x0000000731200000|  0%| F|  |TAMS 0x0000000731000000| PB 0x0000000731000000| Untracked 
| 393|0x0000000731200000, 0x0000000731200000, 0x0000000731400000|  0%| F|  |TAMS 0x0000000731200000| PB 0x0000000731200000| Untracked 
| 394|0x0000000731400000, 0x0000000731400000, 0x0000000731600000|  0%| F|  |TAMS 0x0000000731400000| PB 0x0000000731400000| Untracked 
| 395|0x0000000731600000, 0x0000000731600000, 0x0000000731800000|  0%| F|  |TAMS 0x0000000731600000| PB 0x0000000731600000| Untracked 
| 396|0x0000000731800000, 0x0000000731800000, 0x0000000731a00000|  0%| F|  |TAMS 0x0000000731800000| PB 0x0000000731800000| Untracked 
| 397|0x0000000731a00000, 0x0000000731a00000, 0x0000000731c00000|  0%| F|  |TAMS 0x0000000731a00000| PB 0x0000000731a00000| Untracked 
| 398|0x0000000731c00000, 0x0000000731c00000, 0x0000000731e00000|  0%| F|  |TAMS 0x0000000731c00000| PB 0x0000000731c00000| Untracked 
| 399|0x0000000731e00000, 0x0000000731e00000, 0x0000000732000000|  0%| F|  |TAMS 0x0000000731e00000| PB 0x0000000731e00000| Untracked 
| 400|0x0000000732000000, 0x0000000732000000, 0x0000000732200000|  0%| F|  |TAMS 0x0000000732000000| PB 0x0000000732000000| Untracked 
| 401|0x0000000732200000, 0x0000000732200000, 0x0000000732400000|  0%| F|  |TAMS 0x0000000732200000| PB 0x0000000732200000| Untracked 
| 402|0x0000000732400000, 0x0000000732400000, 0x0000000732600000|  0%| F|  |TAMS 0x0000000732400000| PB 0x0000000732400000| Untracked 
| 403|0x0000000732600000, 0x0000000732600000, 0x0000000732800000|  0%| F|  |TAMS 0x0000000732600000| PB 0x0000000732600000| Untracked 
| 404|0x0000000732800000, 0x0000000732800000, 0x0000000732a00000|  0%| F|  |TAMS 0x0000000732800000| PB 0x0000000732800000| Untracked 
| 405|0x0000000732a00000, 0x0000000732a00000, 0x0000000732c00000|  0%| F|  |TAMS 0x0000000732a00000| PB 0x0000000732a00000| Untracked 
| 406|0x0000000732c00000, 0x0000000732c00000, 0x0000000732e00000|  0%| F|  |TAMS 0x0000000732c00000| PB 0x0000000732c00000| Untracked 
| 407|0x0000000732e00000, 0x0000000732e00000, 0x0000000733000000|  0%| F|  |TAMS 0x0000000732e00000| PB 0x0000000732e00000| Untracked 
| 408|0x0000000733000000, 0x0000000733000000, 0x0000000733200000|  0%| F|  |TAMS 0x0000000733000000| PB 0x0000000733000000| Untracked 
| 409|0x0000000733200000, 0x0000000733200000, 0x0000000733400000|  0%| F|  |TAMS 0x0000000733200000| PB 0x0000000733200000| Untracked 
| 410|0x0000000733400000, 0x0000000733400000, 0x0000000733600000|  0%| F|  |TAMS 0x0000000733400000| PB 0x0000000733400000| Untracked 
| 411|0x0000000733600000, 0x0000000733600000, 0x0000000733800000|  0%| F|  |TAMS 0x0000000733600000| PB 0x0000000733600000| Untracked 
| 412|0x0000000733800000, 0x0000000733800000, 0x0000000733a00000|  0%| F|  |TAMS 0x0000000733800000| PB 0x0000000733800000| Untracked 
| 413|0x0000000733a00000, 0x0000000733a00000, 0x0000000733c00000|  0%| F|  |TAMS 0x0000000733a00000| PB 0x0000000733a00000| Untracked 
| 414|0x0000000733c00000, 0x0000000733c00000, 0x0000000733e00000|  0%| F|  |TAMS 0x0000000733c00000| PB 0x0000000733c00000| Untracked 
| 415|0x0000000733e00000, 0x0000000733e00000, 0x0000000734000000|  0%| F|  |TAMS 0x0000000733e00000| PB 0x0000000733e00000| Untracked 
| 416|0x0000000734000000, 0x0000000734000000, 0x0000000734200000|  0%| F|  |TAMS 0x0000000734000000| PB 0x0000000734000000| Untracked 
| 417|0x0000000734200000, 0x0000000734200000, 0x0000000734400000|  0%| F|  |TAMS 0x0000000734200000| PB 0x0000000734200000| Untracked 
| 418|0x0000000734400000, 0x0000000734400000, 0x0000000734600000|  0%| F|  |TAMS 0x0000000734400000| PB 0x0000000734400000| Untracked 
| 419|0x0000000734600000, 0x0000000734600000, 0x0000000734800000|  0%| F|  |TAMS 0x0000000734600000| PB 0x0000000734600000| Untracked 
| 420|0x0000000734800000, 0x0000000734800000, 0x0000000734a00000|  0%| F|  |TAMS 0x0000000734800000| PB 0x0000000734800000| Untracked 
| 421|0x0000000734a00000, 0x0000000734a00000, 0x0000000734c00000|  0%| F|  |TAMS 0x0000000734a00000| PB 0x0000000734a00000| Untracked 
| 422|0x0000000734c00000, 0x0000000734c00000, 0x0000000734e00000|  0%| F|  |TAMS 0x0000000734c00000| PB 0x0000000734c00000| Untracked 
| 423|0x0000000734e00000, 0x0000000734e00000, 0x0000000735000000|  0%| F|  |TAMS 0x0000000734e00000| PB 0x0000000734e00000| Untracked 
| 424|0x0000000735000000, 0x0000000735000000, 0x0000000735200000|  0%| F|  |TAMS 0x0000000735000000| PB 0x0000000735000000| Untracked 
| 425|0x0000000735200000, 0x0000000735200000, 0x0000000735400000|  0%| F|  |TAMS 0x0000000735200000| PB 0x0000000735200000| Untracked 
| 426|0x0000000735400000, 0x0000000735400000, 0x0000000735600000|  0%| F|  |TAMS 0x0000000735400000| PB 0x0000000735400000| Untracked 
| 427|0x0000000735600000, 0x0000000735600000, 0x0000000735800000|  0%| F|  |TAMS 0x0000000735600000| PB 0x0000000735600000| Untracked 
| 428|0x0000000735800000, 0x0000000735800000, 0x0000000735a00000|  0%| F|  |TAMS 0x0000000735800000| PB 0x0000000735800000| Untracked 
| 429|0x0000000735a00000, 0x0000000735a00000, 0x0000000735c00000|  0%| F|  |TAMS 0x0000000735a00000| PB 0x0000000735a00000| Untracked 
| 430|0x0000000735c00000, 0x0000000735c00000, 0x0000000735e00000|  0%| F|  |TAMS 0x0000000735c00000| PB 0x0000000735c00000| Untracked 
| 431|0x0000000735e00000, 0x0000000735e00000, 0x0000000736000000|  0%| F|  |TAMS 0x0000000735e00000| PB 0x0000000735e00000| Untracked 
| 432|0x0000000736000000, 0x0000000736000000, 0x0000000736200000|  0%| F|  |TAMS 0x0000000736000000| PB 0x0000000736000000| Untracked 
| 433|0x0000000736200000, 0x0000000736200000, 0x0000000736400000|  0%| F|  |TAMS 0x0000000736200000| PB 0x0000000736200000| Untracked 
| 434|0x0000000736400000, 0x0000000736400000, 0x0000000736600000|  0%| F|  |TAMS 0x0000000736400000| PB 0x0000000736400000| Untracked 
| 435|0x0000000736600000, 0x0000000736600000, 0x0000000736800000|  0%| F|  |TAMS 0x0000000736600000| PB 0x0000000736600000| Untracked 
| 436|0x0000000736800000, 0x0000000736800000, 0x0000000736a00000|  0%| F|  |TAMS 0x0000000736800000| PB 0x0000000736800000| Untracked 
| 437|0x0000000736a00000, 0x0000000736a00000, 0x0000000736c00000|  0%| F|  |TAMS 0x0000000736a00000| PB 0x0000000736a00000| Untracked 
| 438|0x0000000736c00000, 0x0000000736c00000, 0x0000000736e00000|  0%| F|  |TAMS 0x0000000736c00000| PB 0x0000000736c00000| Untracked 
| 439|0x0000000736e00000, 0x0000000736e00000, 0x0000000737000000|  0%| F|  |TAMS 0x0000000736e00000| PB 0x0000000736e00000| Untracked 
| 440|0x0000000737000000, 0x0000000737000000, 0x0000000737200000|  0%| F|  |TAMS 0x0000000737000000| PB 0x0000000737000000| Untracked 
| 441|0x0000000737200000, 0x0000000737200000, 0x0000000737400000|  0%| F|  |TAMS 0x0000000737200000| PB 0x0000000737200000| Untracked 
| 442|0x0000000737400000, 0x0000000737400000, 0x0000000737600000|  0%| F|  |TAMS 0x0000000737400000| PB 0x0000000737400000| Untracked 
| 443|0x0000000737600000, 0x0000000737600000, 0x0000000737800000|  0%| F|  |TAMS 0x0000000737600000| PB 0x0000000737600000| Untracked 
| 444|0x0000000737800000, 0x0000000737800000, 0x0000000737a00000|  0%| F|  |TAMS 0x0000000737800000| PB 0x0000000737800000| Untracked 
| 445|0x0000000737a00000, 0x0000000737a00000, 0x0000000737c00000|  0%| F|  |TAMS 0x0000000737a00000| PB 0x0000000737a00000| Untracked 
| 446|0x0000000737c00000, 0x0000000737c00000, 0x0000000737e00000|  0%| F|  |TAMS 0x0000000737c00000| PB 0x0000000737c00000| Untracked 
| 447|0x0000000737e00000, 0x0000000737e00000, 0x0000000738000000|  0%| F|  |TAMS 0x0000000737e00000| PB 0x0000000737e00000| Untracked 
| 448|0x0000000738000000, 0x0000000738000000, 0x0000000738200000|  0%| F|  |TAMS 0x0000000738000000| PB 0x0000000738000000| Untracked 
| 449|0x0000000738200000, 0x0000000738200000, 0x0000000738400000|  0%| F|  |TAMS 0x0000000738200000| PB 0x0000000738200000| Untracked 
| 450|0x0000000738400000, 0x0000000738400000, 0x0000000738600000|  0%| F|  |TAMS 0x0000000738400000| PB 0x0000000738400000| Untracked 
| 451|0x0000000738600000, 0x0000000738600000, 0x0000000738800000|  0%| F|  |TAMS 0x0000000738600000| PB 0x0000000738600000| Untracked 
| 452|0x0000000738800000, 0x0000000738800000, 0x0000000738a00000|  0%| F|  |TAMS 0x0000000738800000| PB 0x0000000738800000| Untracked 
| 453|0x0000000738a00000, 0x0000000738a00000, 0x0000000738c00000|  0%| F|  |TAMS 0x0000000738a00000| PB 0x0000000738a00000| Untracked 
| 454|0x0000000738c00000, 0x0000000738c00000, 0x0000000738e00000|  0%| F|  |TAMS 0x0000000738c00000| PB 0x0000000738c00000| Untracked 
| 455|0x0000000738e00000, 0x0000000738e00000, 0x0000000739000000|  0%| F|  |TAMS 0x0000000738e00000| PB 0x0000000738e00000| Untracked 
| 456|0x0000000739000000, 0x0000000739000000, 0x0000000739200000|  0%| F|  |TAMS 0x0000000739000000| PB 0x0000000739000000| Untracked 
| 457|0x0000000739200000, 0x0000000739200000, 0x0000000739400000|  0%| F|  |TAMS 0x0000000739200000| PB 0x0000000739200000| Untracked 
| 458|0x0000000739400000, 0x0000000739400000, 0x0000000739600000|  0%| F|  |TAMS 0x0000000739400000| PB 0x0000000739400000| Untracked 
| 459|0x0000000739600000, 0x0000000739600000, 0x0000000739800000|  0%| F|  |TAMS 0x0000000739600000| PB 0x0000000739600000| Untracked 
| 460|0x0000000739800000, 0x0000000739800000, 0x0000000739a00000|  0%| F|  |TAMS 0x0000000739800000| PB 0x0000000739800000| Untracked 
| 461|0x0000000739a00000, 0x0000000739a00000, 0x0000000739c00000|  0%| F|  |TAMS 0x0000000739a00000| PB 0x0000000739a00000| Untracked 
| 462|0x0000000739c00000, 0x0000000739c00000, 0x0000000739e00000|  0%| F|  |TAMS 0x0000000739c00000| PB 0x0000000739c00000| Untracked 
| 463|0x0000000739e00000, 0x0000000739e00000, 0x000000073a000000|  0%| F|  |TAMS 0x0000000739e00000| PB 0x0000000739e00000| Untracked 
| 464|0x000000073a000000, 0x000000073a000000, 0x000000073a200000|  0%| F|  |TAMS 0x000000073a000000| PB 0x000000073a000000| Untracked 
| 465|0x000000073a200000, 0x000000073a200000, 0x000000073a400000|  0%| F|  |TAMS 0x000000073a200000| PB 0x000000073a200000| Untracked 
| 466|0x000000073a400000, 0x000000073a400000, 0x000000073a600000|  0%| F|  |TAMS 0x000000073a400000| PB 0x000000073a400000| Untracked 
| 467|0x000000073a600000, 0x000000073a600000, 0x000000073a800000|  0%| F|  |TAMS 0x000000073a600000| PB 0x000000073a600000| Untracked 
| 468|0x000000073a800000, 0x000000073a800000, 0x000000073aa00000|  0%| F|  |TAMS 0x000000073a800000| PB 0x000000073a800000| Untracked 
| 469|0x000000073aa00000, 0x000000073aa00000, 0x000000073ac00000|  0%| F|  |TAMS 0x000000073aa00000| PB 0x000000073aa00000| Untracked 
| 470|0x000000073ac00000, 0x000000073ac00000, 0x000000073ae00000|  0%| F|  |TAMS 0x000000073ac00000| PB 0x000000073ac00000| Untracked 
| 471|0x000000073ae00000, 0x000000073ae00000, 0x000000073b000000|  0%| F|  |TAMS 0x000000073ae00000| PB 0x000000073ae00000| Untracked 
| 472|0x000000073b000000, 0x000000073b000000, 0x000000073b200000|  0%| F|  |TAMS 0x000000073b000000| PB 0x000000073b000000| Untracked 
| 473|0x000000073b200000, 0x000000073b200000, 0x000000073b400000|  0%| F|  |TAMS 0x000000073b200000| PB 0x000000073b200000| Untracked 
| 474|0x000000073b400000, 0x000000073b400000, 0x000000073b600000|  0%| F|  |TAMS 0x000000073b400000| PB 0x000000073b400000| Untracked 
| 475|0x000000073b600000, 0x000000073b600000, 0x000000073b800000|  0%| F|  |TAMS 0x000000073b600000| PB 0x000000073b600000| Untracked 
| 476|0x000000073b800000, 0x000000073b800000, 0x000000073ba00000|  0%| F|  |TAMS 0x000000073b800000| PB 0x000000073b800000| Untracked 
| 477|0x000000073ba00000, 0x000000073ba00000, 0x000000073bc00000|  0%| F|  |TAMS 0x000000073ba00000| PB 0x000000073ba00000| Untracked 
| 478|0x000000073bc00000, 0x000000073bc00000, 0x000000073be00000|  0%| F|  |TAMS 0x000000073bc00000| PB 0x000000073bc00000| Untracked 
| 479|0x000000073be00000, 0x000000073be00000, 0x000000073c000000|  0%| F|  |TAMS 0x000000073be00000| PB 0x000000073be00000| Untracked 
| 480|0x000000073c000000, 0x000000073c000000, 0x000000073c200000|  0%| F|  |TAMS 0x000000073c000000| PB 0x000000073c000000| Untracked 
| 481|0x000000073c200000, 0x000000073c200000, 0x000000073c400000|  0%| F|  |TAMS 0x000000073c200000| PB 0x000000073c200000| Untracked 
| 482|0x000000073c400000, 0x000000073c400000, 0x000000073c600000|  0%| F|  |TAMS 0x000000073c400000| PB 0x000000073c400000| Untracked 
| 483|0x000000073c600000, 0x000000073c600000, 0x000000073c800000|  0%| F|  |TAMS 0x000000073c600000| PB 0x000000073c600000| Untracked 
| 484|0x000000073c800000, 0x000000073c800000, 0x000000073ca00000|  0%| F|  |TAMS 0x000000073c800000| PB 0x000000073c800000| Untracked 
| 485|0x000000073ca00000, 0x000000073ca00000, 0x000000073cc00000|  0%| F|  |TAMS 0x000000073ca00000| PB 0x000000073ca00000| Untracked 
| 486|0x000000073cc00000, 0x000000073cc00000, 0x000000073ce00000|  0%| F|  |TAMS 0x000000073cc00000| PB 0x000000073cc00000| Untracked 
| 487|0x000000073ce00000, 0x000000073ce00000, 0x000000073d000000|  0%| F|  |TAMS 0x000000073ce00000| PB 0x000000073ce00000| Untracked 
| 488|0x000000073d000000, 0x000000073d000000, 0x000000073d200000|  0%| F|  |TAMS 0x000000073d000000| PB 0x000000073d000000| Untracked 
| 489|0x000000073d200000, 0x000000073d200000, 0x000000073d400000|  0%| F|  |TAMS 0x000000073d200000| PB 0x000000073d200000| Untracked 
| 490|0x000000073d400000, 0x000000073d400000, 0x000000073d600000|  0%| F|  |TAMS 0x000000073d400000| PB 0x000000073d400000| Untracked 
| 491|0x000000073d600000, 0x000000073d600000, 0x000000073d800000|  0%| F|  |TAMS 0x000000073d600000| PB 0x000000073d600000| Untracked 
| 492|0x000000073d800000, 0x000000073d800000, 0x000000073da00000|  0%| F|  |TAMS 0x000000073d800000| PB 0x000000073d800000| Untracked 
| 493|0x000000073da00000, 0x000000073da00000, 0x000000073dc00000|  0%| F|  |TAMS 0x000000073da00000| PB 0x000000073da00000| Untracked 
| 494|0x000000073dc00000, 0x000000073dc00000, 0x000000073de00000|  0%| F|  |TAMS 0x000000073dc00000| PB 0x000000073dc00000| Untracked 
| 495|0x000000073de00000, 0x000000073de00000, 0x000000073e000000|  0%| F|  |TAMS 0x000000073de00000| PB 0x000000073de00000| Untracked 
| 496|0x000000073e000000, 0x000000073e000000, 0x000000073e200000|  0%| F|  |TAMS 0x000000073e000000| PB 0x000000073e000000| Untracked 
| 497|0x000000073e200000, 0x000000073e200000, 0x000000073e400000|  0%| F|  |TAMS 0x000000073e200000| PB 0x000000073e200000| Untracked 
| 498|0x000000073e400000, 0x000000073e400000, 0x000000073e600000|  0%| F|  |TAMS 0x000000073e400000| PB 0x000000073e400000| Untracked 
| 499|0x000000073e600000, 0x000000073e600000, 0x000000073e800000|  0%| F|  |TAMS 0x000000073e600000| PB 0x000000073e600000| Untracked 
| 500|0x000000073e800000, 0x000000073e800000, 0x000000073ea00000|  0%| F|  |TAMS 0x000000073e800000| PB 0x000000073e800000| Untracked 
| 501|0x000000073ea00000, 0x000000073ea00000, 0x000000073ec00000|  0%| F|  |TAMS 0x000000073ea00000| PB 0x000000073ea00000| Untracked 
| 502|0x000000073ec00000, 0x000000073ec00000, 0x000000073ee00000|  0%| F|  |TAMS 0x000000073ec00000| PB 0x000000073ec00000| Untracked 
| 503|0x000000073ee00000, 0x000000073ee00000, 0x000000073f000000|  0%| F|  |TAMS 0x000000073ee00000| PB 0x000000073ee00000| Untracked 
| 504|0x000000073f000000, 0x000000073f000000, 0x000000073f200000|  0%| F|  |TAMS 0x000000073f000000| PB 0x000000073f000000| Untracked 
| 505|0x000000073f200000, 0x000000073f200000, 0x000000073f400000|  0%| F|  |TAMS 0x000000073f200000| PB 0x000000073f200000| Untracked 
| 506|0x000000073f400000, 0x000000073f400000, 0x000000073f600000|  0%| F|  |TAMS 0x000000073f400000| PB 0x000000073f400000| Untracked 
| 507|0x000000073f600000, 0x000000073f600000, 0x000000073f800000|  0%| F|  |TAMS 0x000000073f600000| PB 0x000000073f600000| Untracked 
| 508|0x000000073f800000, 0x000000073f800000, 0x000000073fa00000|  0%| F|  |TAMS 0x000000073f800000| PB 0x000000073f800000| Untracked 
| 509|0x000000073fa00000, 0x000000073fa00000, 0x000000073fc00000|  0%| F|  |TAMS 0x000000073fa00000| PB 0x000000073fa00000| Untracked 
| 510|0x000000073fc00000, 0x000000073fc00000, 0x000000073fe00000|  0%| F|  |TAMS 0x000000073fc00000| PB 0x000000073fc00000| Untracked 
| 511|0x000000073fe00000, 0x000000073fe00000, 0x0000000740000000|  0%| F|  |TAMS 0x000000073fe00000| PB 0x000000073fe00000| Untracked 
| 512|0x0000000740000000, 0x0000000740000000, 0x0000000740200000|  0%| F|  |TAMS 0x0000000740000000| PB 0x0000000740000000| Untracked 
| 513|0x0000000740200000, 0x0000000740200000, 0x0000000740400000|  0%| F|  |TAMS 0x0000000740200000| PB 0x0000000740200000| Untracked 
| 514|0x0000000740400000, 0x0000000740400000, 0x0000000740600000|  0%| F|  |TAMS 0x0000000740400000| PB 0x0000000740400000| Untracked 
| 515|0x0000000740600000, 0x0000000740600000, 0x0000000740800000|  0%| F|  |TAMS 0x0000000740600000| PB 0x0000000740600000| Untracked 
| 516|0x0000000740800000, 0x0000000740800000, 0x0000000740a00000|  0%| F|  |TAMS 0x0000000740800000| PB 0x0000000740800000| Untracked 
| 517|0x0000000740a00000, 0x0000000740a00000, 0x0000000740c00000|  0%| F|  |TAMS 0x0000000740a00000| PB 0x0000000740a00000| Untracked 
| 518|0x0000000740c00000, 0x0000000740c00000, 0x0000000740e00000|  0%| F|  |TAMS 0x0000000740c00000| PB 0x0000000740c00000| Untracked 
| 519|0x0000000740e00000, 0x0000000740e00000, 0x0000000741000000|  0%| F|  |TAMS 0x0000000740e00000| PB 0x0000000740e00000| Untracked 
| 520|0x0000000741000000, 0x0000000741000000, 0x0000000741200000|  0%| F|  |TAMS 0x0000000741000000| PB 0x0000000741000000| Untracked 
| 521|0x0000000741200000, 0x0000000741200000, 0x0000000741400000|  0%| F|  |TAMS 0x0000000741200000| PB 0x0000000741200000| Untracked 
| 522|0x0000000741400000, 0x0000000741400000, 0x0000000741600000|  0%| F|  |TAMS 0x0000000741400000| PB 0x0000000741400000| Untracked 
| 523|0x0000000741600000, 0x0000000741600000, 0x0000000741800000|  0%| F|  |TAMS 0x0000000741600000| PB 0x0000000741600000| Untracked 
| 524|0x0000000741800000, 0x0000000741800000, 0x0000000741a00000|  0%| F|  |TAMS 0x0000000741800000| PB 0x0000000741800000| Untracked 
| 525|0x0000000741a00000, 0x0000000741a00000, 0x0000000741c00000|  0%| F|  |TAMS 0x0000000741a00000| PB 0x0000000741a00000| Untracked 
| 526|0x0000000741c00000, 0x0000000741c00000, 0x0000000741e00000|  0%| F|  |TAMS 0x0000000741c00000| PB 0x0000000741c00000| Untracked 
| 527|0x0000000741e00000, 0x0000000741e00000, 0x0000000742000000|  0%| F|  |TAMS 0x0000000741e00000| PB 0x0000000741e00000| Untracked 
| 528|0x0000000742000000, 0x0000000742000000, 0x0000000742200000|  0%| F|  |TAMS 0x0000000742000000| PB 0x0000000742000000| Untracked 
| 529|0x0000000742200000, 0x0000000742200000, 0x0000000742400000|  0%| F|  |TAMS 0x0000000742200000| PB 0x0000000742200000| Untracked 
| 530|0x0000000742400000, 0x0000000742400000, 0x0000000742600000|  0%| F|  |TAMS 0x0000000742400000| PB 0x0000000742400000| Untracked 
| 531|0x0000000742600000, 0x0000000742600000, 0x0000000742800000|  0%| F|  |TAMS 0x0000000742600000| PB 0x0000000742600000| Untracked 
| 532|0x0000000742800000, 0x0000000742800000, 0x0000000742a00000|  0%| F|  |TAMS 0x0000000742800000| PB 0x0000000742800000| Untracked 
| 533|0x0000000742a00000, 0x0000000742a00000, 0x0000000742c00000|  0%| F|  |TAMS 0x0000000742a00000| PB 0x0000000742a00000| Untracked 
| 534|0x0000000742c00000, 0x0000000742c00000, 0x0000000742e00000|  0%| F|  |TAMS 0x0000000742c00000| PB 0x0000000742c00000| Untracked 
| 535|0x0000000742e00000, 0x0000000742e00000, 0x0000000743000000|  0%| F|  |TAMS 0x0000000742e00000| PB 0x0000000742e00000| Untracked 
| 536|0x0000000743000000, 0x0000000743000000, 0x0000000743200000|  0%| F|  |TAMS 0x0000000743000000| PB 0x0000000743000000| Untracked 
| 537|0x0000000743200000, 0x0000000743200000, 0x0000000743400000|  0%| F|  |TAMS 0x0000000743200000| PB 0x0000000743200000| Untracked 
| 538|0x0000000743400000, 0x0000000743400000, 0x0000000743600000|  0%| F|  |TAMS 0x0000000743400000| PB 0x0000000743400000| Untracked 
| 539|0x0000000743600000, 0x0000000743600000, 0x0000000743800000|  0%| F|  |TAMS 0x0000000743600000| PB 0x0000000743600000| Untracked 
| 540|0x0000000743800000, 0x0000000743800000, 0x0000000743a00000|  0%| F|  |TAMS 0x0000000743800000| PB 0x0000000743800000| Untracked 
| 541|0x0000000743a00000, 0x0000000743a00000, 0x0000000743c00000|  0%| F|  |TAMS 0x0000000743a00000| PB 0x0000000743a00000| Untracked 
| 542|0x0000000743c00000, 0x0000000743c00000, 0x0000000743e00000|  0%| F|  |TAMS 0x0000000743c00000| PB 0x0000000743c00000| Untracked 
| 543|0x0000000743e00000, 0x0000000743e00000, 0x0000000744000000|  0%| F|  |TAMS 0x0000000743e00000| PB 0x0000000743e00000| Untracked 
| 544|0x0000000744000000, 0x0000000744000000, 0x0000000744200000|  0%| F|  |TAMS 0x0000000744000000| PB 0x0000000744000000| Untracked 
| 545|0x0000000744200000, 0x0000000744200000, 0x0000000744400000|  0%| F|  |TAMS 0x0000000744200000| PB 0x0000000744200000| Untracked 
| 546|0x0000000744400000, 0x0000000744400000, 0x0000000744600000|  0%| F|  |TAMS 0x0000000744400000| PB 0x0000000744400000| Untracked 
| 547|0x0000000744600000, 0x0000000744600000, 0x0000000744800000|  0%| F|  |TAMS 0x0000000744600000| PB 0x0000000744600000| Untracked 
| 548|0x0000000744800000, 0x0000000744800000, 0x0000000744a00000|  0%| F|  |TAMS 0x0000000744800000| PB 0x0000000744800000| Untracked 
| 549|0x0000000744a00000, 0x0000000744a00000, 0x0000000744c00000|  0%| F|  |TAMS 0x0000000744a00000| PB 0x0000000744a00000| Untracked 
| 550|0x0000000744c00000, 0x0000000744c00000, 0x0000000744e00000|  0%| F|  |TAMS 0x0000000744c00000| PB 0x0000000744c00000| Untracked 
| 551|0x0000000744e00000, 0x0000000744e00000, 0x0000000745000000|  0%| F|  |TAMS 0x0000000744e00000| PB 0x0000000744e00000| Untracked 
| 552|0x0000000745000000, 0x0000000745000000, 0x0000000745200000|  0%| F|  |TAMS 0x0000000745000000| PB 0x0000000745000000| Untracked 
| 553|0x0000000745200000, 0x0000000745200000, 0x0000000745400000|  0%| F|  |TAMS 0x0000000745200000| PB 0x0000000745200000| Untracked 
| 554|0x0000000745400000, 0x0000000745400000, 0x0000000745600000|  0%| F|  |TAMS 0x0000000745400000| PB 0x0000000745400000| Untracked 
| 555|0x0000000745600000, 0x0000000745600000, 0x0000000745800000|  0%| F|  |TAMS 0x0000000745600000| PB 0x0000000745600000| Untracked 
| 556|0x0000000745800000, 0x0000000745800000, 0x0000000745a00000|  0%| F|  |TAMS 0x0000000745800000| PB 0x0000000745800000| Untracked 
| 557|0x0000000745a00000, 0x0000000745a00000, 0x0000000745c00000|  0%| F|  |TAMS 0x0000000745a00000| PB 0x0000000745a00000| Untracked 
| 558|0x0000000745c00000, 0x0000000745c00000, 0x0000000745e00000|  0%| F|  |TAMS 0x0000000745c00000| PB 0x0000000745c00000| Untracked 
| 559|0x0000000745e00000, 0x0000000745e00000, 0x0000000746000000|  0%| F|  |TAMS 0x0000000745e00000| PB 0x0000000745e00000| Untracked 
| 560|0x0000000746000000, 0x0000000746000000, 0x0000000746200000|  0%| F|  |TAMS 0x0000000746000000| PB 0x0000000746000000| Untracked 
| 561|0x0000000746200000, 0x0000000746200000, 0x0000000746400000|  0%| F|  |TAMS 0x0000000746200000| PB 0x0000000746200000| Untracked 
| 562|0x0000000746400000, 0x0000000746400000, 0x0000000746600000|  0%| F|  |TAMS 0x0000000746400000| PB 0x0000000746400000| Untracked 
| 563|0x0000000746600000, 0x0000000746600000, 0x0000000746800000|  0%| F|  |TAMS 0x0000000746600000| PB 0x0000000746600000| Untracked 
| 564|0x0000000746800000, 0x0000000746800000, 0x0000000746a00000|  0%| F|  |TAMS 0x0000000746800000| PB 0x0000000746800000| Untracked 
| 565|0x0000000746a00000, 0x0000000746a00000, 0x0000000746c00000|  0%| F|  |TAMS 0x0000000746a00000| PB 0x0000000746a00000| Untracked 
| 566|0x0000000746c00000, 0x0000000746c00000, 0x0000000746e00000|  0%| F|  |TAMS 0x0000000746c00000| PB 0x0000000746c00000| Untracked 
| 567|0x0000000746e00000, 0x0000000746e00000, 0x0000000747000000|  0%| F|  |TAMS 0x0000000746e00000| PB 0x0000000746e00000| Untracked 
| 568|0x0000000747000000, 0x0000000747000000, 0x0000000747200000|  0%| F|  |TAMS 0x0000000747000000| PB 0x0000000747000000| Untracked 
| 569|0x0000000747200000, 0x0000000747200000, 0x0000000747400000|  0%| F|  |TAMS 0x0000000747200000| PB 0x0000000747200000| Untracked 
| 570|0x0000000747400000, 0x0000000747400000, 0x0000000747600000|  0%| F|  |TAMS 0x0000000747400000| PB 0x0000000747400000| Untracked 
| 571|0x0000000747600000, 0x0000000747600000, 0x0000000747800000|  0%| F|  |TAMS 0x0000000747600000| PB 0x0000000747600000| Untracked 
| 572|0x0000000747800000, 0x0000000747800000, 0x0000000747a00000|  0%| F|  |TAMS 0x0000000747800000| PB 0x0000000747800000| Untracked 
| 573|0x0000000747a00000, 0x0000000747a00000, 0x0000000747c00000|  0%| F|  |TAMS 0x0000000747a00000| PB 0x0000000747a00000| Untracked 
| 574|0x0000000747c00000, 0x0000000747c00000, 0x0000000747e00000|  0%| F|  |TAMS 0x0000000747c00000| PB 0x0000000747c00000| Untracked 
| 575|0x0000000747e00000, 0x0000000747e00000, 0x0000000748000000|  0%| F|  |TAMS 0x0000000747e00000| PB 0x0000000747e00000| Untracked 
| 576|0x0000000748000000, 0x0000000748000000, 0x0000000748200000|  0%| F|  |TAMS 0x0000000748000000| PB 0x0000000748000000| Untracked 
| 577|0x0000000748200000, 0x0000000748200000, 0x0000000748400000|  0%| F|  |TAMS 0x0000000748200000| PB 0x0000000748200000| Untracked 
| 578|0x0000000748400000, 0x0000000748400000, 0x0000000748600000|  0%| F|  |TAMS 0x0000000748400000| PB 0x0000000748400000| Untracked 
| 579|0x0000000748600000, 0x0000000748600000, 0x0000000748800000|  0%| F|  |TAMS 0x0000000748600000| PB 0x0000000748600000| Untracked 
| 580|0x0000000748800000, 0x0000000748800000, 0x0000000748a00000|  0%| F|  |TAMS 0x0000000748800000| PB 0x0000000748800000| Untracked 
| 581|0x0000000748a00000, 0x0000000748a00000, 0x0000000748c00000|  0%| F|  |TAMS 0x0000000748a00000| PB 0x0000000748a00000| Untracked 
| 582|0x0000000748c00000, 0x0000000748c00000, 0x0000000748e00000|  0%| F|  |TAMS 0x0000000748c00000| PB 0x0000000748c00000| Untracked 
| 583|0x0000000748e00000, 0x0000000748e00000, 0x0000000749000000|  0%| F|  |TAMS 0x0000000748e00000| PB 0x0000000748e00000| Untracked 
| 584|0x0000000749000000, 0x0000000749000000, 0x0000000749200000|  0%| F|  |TAMS 0x0000000749000000| PB 0x0000000749000000| Untracked 
| 585|0x0000000749200000, 0x0000000749200000, 0x0000000749400000|  0%| F|  |TAMS 0x0000000749200000| PB 0x0000000749200000| Untracked 
| 586|0x0000000749400000, 0x0000000749400000, 0x0000000749600000|  0%| F|  |TAMS 0x0000000749400000| PB 0x0000000749400000| Untracked 
| 587|0x0000000749600000, 0x0000000749600000, 0x0000000749800000|  0%| F|  |TAMS 0x0000000749600000| PB 0x0000000749600000| Untracked 
| 588|0x0000000749800000, 0x0000000749800000, 0x0000000749a00000|  0%| F|  |TAMS 0x0000000749800000| PB 0x0000000749800000| Untracked 
| 589|0x0000000749a00000, 0x0000000749a00000, 0x0000000749c00000|  0%| F|  |TAMS 0x0000000749a00000| PB 0x0000000749a00000| Untracked 
| 590|0x0000000749c00000, 0x0000000749c00000, 0x0000000749e00000|  0%| F|  |TAMS 0x0000000749c00000| PB 0x0000000749c00000| Untracked 
| 591|0x0000000749e00000, 0x0000000749e00000, 0x000000074a000000|  0%| F|  |TAMS 0x0000000749e00000| PB 0x0000000749e00000| Untracked 
| 592|0x000000074a000000, 0x000000074a000000, 0x000000074a200000|  0%| F|  |TAMS 0x000000074a000000| PB 0x000000074a000000| Untracked 
| 593|0x000000074a200000, 0x000000074a200000, 0x000000074a400000|  0%| F|  |TAMS 0x000000074a200000| PB 0x000000074a200000| Untracked 
| 594|0x000000074a400000, 0x000000074a400000, 0x000000074a600000|  0%| F|  |TAMS 0x000000074a400000| PB 0x000000074a400000| Untracked 
| 595|0x000000074a600000, 0x000000074a600000, 0x000000074a800000|  0%| F|  |TAMS 0x000000074a600000| PB 0x000000074a600000| Untracked 
| 596|0x000000074a800000, 0x000000074a800000, 0x000000074aa00000|  0%| F|  |TAMS 0x000000074a800000| PB 0x000000074a800000| Untracked 
| 597|0x000000074aa00000, 0x000000074aa00000, 0x000000074ac00000|  0%| F|  |TAMS 0x000000074aa00000| PB 0x000000074aa00000| Untracked 
| 598|0x000000074ac00000, 0x000000074ac00000, 0x000000074ae00000|  0%| F|  |TAMS 0x000000074ac00000| PB 0x000000074ac00000| Untracked 
| 599|0x000000074ae00000, 0x000000074ae00000, 0x000000074b000000|  0%| F|  |TAMS 0x000000074ae00000| PB 0x000000074ae00000| Untracked 
| 600|0x000000074b000000, 0x000000074b000000, 0x000000074b200000|  0%| F|  |TAMS 0x000000074b000000| PB 0x000000074b000000| Untracked 
| 601|0x000000074b200000, 0x000000074b200000, 0x000000074b400000|  0%| F|  |TAMS 0x000000074b200000| PB 0x000000074b200000| Untracked 
| 602|0x000000074b400000, 0x000000074b400000, 0x000000074b600000|  0%| F|  |TAMS 0x000000074b400000| PB 0x000000074b400000| Untracked 
| 603|0x000000074b600000, 0x000000074b600000, 0x000000074b800000|  0%| F|  |TAMS 0x000000074b600000| PB 0x000000074b600000| Untracked 
| 604|0x000000074b800000, 0x000000074b800000, 0x000000074ba00000|  0%| F|  |TAMS 0x000000074b800000| PB 0x000000074b800000| Untracked 
| 605|0x000000074ba00000, 0x000000074ba00000, 0x000000074bc00000|  0%| F|  |TAMS 0x000000074ba00000| PB 0x000000074ba00000| Untracked 
| 606|0x000000074bc00000, 0x000000074bc00000, 0x000000074be00000|  0%| F|  |TAMS 0x000000074bc00000| PB 0x000000074bc00000| Untracked 
| 607|0x000000074be00000, 0x000000074be00000, 0x000000074c000000|  0%| F|  |TAMS 0x000000074be00000| PB 0x000000074be00000| Untracked 
| 608|0x000000074c000000, 0x000000074c000000, 0x000000074c200000|  0%| F|  |TAMS 0x000000074c000000| PB 0x000000074c000000| Untracked 
| 609|0x000000074c200000, 0x000000074c200000, 0x000000074c400000|  0%| F|  |TAMS 0x000000074c200000| PB 0x000000074c200000| Untracked 
| 610|0x000000074c400000, 0x000000074c400000, 0x000000074c600000|  0%| F|  |TAMS 0x000000074c400000| PB 0x000000074c400000| Untracked 
| 611|0x000000074c600000, 0x000000074c600000, 0x000000074c800000|  0%| F|  |TAMS 0x000000074c600000| PB 0x000000074c600000| Untracked 
| 612|0x000000074c800000, 0x000000074c800000, 0x000000074ca00000|  0%| F|  |TAMS 0x000000074c800000| PB 0x000000074c800000| Untracked 
| 613|0x000000074ca00000, 0x000000074ca00000, 0x000000074cc00000|  0%| F|  |TAMS 0x000000074ca00000| PB 0x000000074ca00000| Untracked 
| 614|0x000000074cc00000, 0x000000074cc00000, 0x000000074ce00000|  0%| F|  |TAMS 0x000000074cc00000| PB 0x000000074cc00000| Untracked 
| 615|0x000000074ce00000, 0x000000074ce00000, 0x000000074d000000|  0%| F|  |TAMS 0x000000074ce00000| PB 0x000000074ce00000| Untracked 
| 616|0x000000074d000000, 0x000000074d000000, 0x000000074d200000|  0%| F|  |TAMS 0x000000074d000000| PB 0x000000074d000000| Untracked 
| 617|0x000000074d200000, 0x000000074d200000, 0x000000074d400000|  0%| F|  |TAMS 0x000000074d200000| PB 0x000000074d200000| Untracked 
| 618|0x000000074d400000, 0x000000074d400000, 0x000000074d600000|  0%| F|  |TAMS 0x000000074d400000| PB 0x000000074d400000| Untracked 
| 619|0x000000074d600000, 0x000000074d600000, 0x000000074d800000|  0%| F|  |TAMS 0x000000074d600000| PB 0x000000074d600000| Untracked 
| 620|0x000000074d800000, 0x000000074d800000, 0x000000074da00000|  0%| F|  |TAMS 0x000000074d800000| PB 0x000000074d800000| Untracked 
| 621|0x000000074da00000, 0x000000074da00000, 0x000000074dc00000|  0%| F|  |TAMS 0x000000074da00000| PB 0x000000074da00000| Untracked 
| 622|0x000000074dc00000, 0x000000074dc00000, 0x000000074de00000|  0%| F|  |TAMS 0x000000074dc00000| PB 0x000000074dc00000| Untracked 
| 623|0x000000074de00000, 0x000000074de00000, 0x000000074e000000|  0%| F|  |TAMS 0x000000074de00000| PB 0x000000074de00000| Untracked 
| 624|0x000000074e000000, 0x000000074e000000, 0x000000074e200000|  0%| F|  |TAMS 0x000000074e000000| PB 0x000000074e000000| Untracked 
| 625|0x000000074e200000, 0x000000074e200000, 0x000000074e400000|  0%| F|  |TAMS 0x000000074e200000| PB 0x000000074e200000| Untracked 
| 626|0x000000074e400000, 0x000000074e400000, 0x000000074e600000|  0%| F|  |TAMS 0x000000074e400000| PB 0x000000074e400000| Untracked 
| 627|0x000000074e600000, 0x000000074e600000, 0x000000074e800000|  0%| F|  |TAMS 0x000000074e600000| PB 0x000000074e600000| Untracked 
| 628|0x000000074e800000, 0x000000074e800000, 0x000000074ea00000|  0%| F|  |TAMS 0x000000074e800000| PB 0x000000074e800000| Untracked 
| 629|0x000000074ea00000, 0x000000074ea00000, 0x000000074ec00000|  0%| F|  |TAMS 0x000000074ea00000| PB 0x000000074ea00000| Untracked 
| 630|0x000000074ec00000, 0x000000074ec00000, 0x000000074ee00000|  0%| F|  |TAMS 0x000000074ec00000| PB 0x000000074ec00000| Untracked 
| 631|0x000000074ee00000, 0x000000074ee00000, 0x000000074f000000|  0%| F|  |TAMS 0x000000074ee00000| PB 0x000000074ee00000| Untracked 
| 632|0x000000074f000000, 0x000000074f000000, 0x000000074f200000|  0%| F|  |TAMS 0x000000074f000000| PB 0x000000074f000000| Untracked 
| 633|0x000000074f200000, 0x000000074f200000, 0x000000074f400000|  0%| F|  |TAMS 0x000000074f200000| PB 0x000000074f200000| Untracked 
| 634|0x000000074f400000, 0x000000074f400000, 0x000000074f600000|  0%| F|  |TAMS 0x000000074f400000| PB 0x000000074f400000| Untracked 
| 635|0x000000074f600000, 0x000000074f600000, 0x000000074f800000|  0%| F|  |TAMS 0x000000074f600000| PB 0x000000074f600000| Untracked 
| 636|0x000000074f800000, 0x000000074f800000, 0x000000074fa00000|  0%| F|  |TAMS 0x000000074f800000| PB 0x000000074f800000| Untracked 
| 637|0x000000074fa00000, 0x000000074fa00000, 0x000000074fc00000|  0%| F|  |TAMS 0x000000074fa00000| PB 0x000000074fa00000| Untracked 
| 638|0x000000074fc00000, 0x000000074fc00000, 0x000000074fe00000|  0%| F|  |TAMS 0x000000074fc00000| PB 0x000000074fc00000| Untracked 
| 639|0x000000074fe00000, 0x000000074fe00000, 0x0000000750000000|  0%| F|  |TAMS 0x000000074fe00000| PB 0x000000074fe00000| Untracked 
| 640|0x0000000750000000, 0x0000000750000000, 0x0000000750200000|  0%| F|  |TAMS 0x0000000750000000| PB 0x0000000750000000| Untracked 
| 641|0x0000000750200000, 0x0000000750200000, 0x0000000750400000|  0%| F|  |TAMS 0x0000000750200000| PB 0x0000000750200000| Untracked 
| 642|0x0000000750400000, 0x0000000750400000, 0x0000000750600000|  0%| F|  |TAMS 0x0000000750400000| PB 0x0000000750400000| Untracked 
| 643|0x0000000750600000, 0x0000000750600000, 0x0000000750800000|  0%| F|  |TAMS 0x0000000750600000| PB 0x0000000750600000| Untracked 
| 644|0x0000000750800000, 0x0000000750800000, 0x0000000750a00000|  0%| F|  |TAMS 0x0000000750800000| PB 0x0000000750800000| Untracked 
| 645|0x0000000750a00000, 0x0000000750a00000, 0x0000000750c00000|  0%| F|  |TAMS 0x0000000750a00000| PB 0x0000000750a00000| Untracked 
| 646|0x0000000750c00000, 0x0000000750c00000, 0x0000000750e00000|  0%| F|  |TAMS 0x0000000750c00000| PB 0x0000000750c00000| Untracked 
| 647|0x0000000750e00000, 0x0000000750e00000, 0x0000000751000000|  0%| F|  |TAMS 0x0000000750e00000| PB 0x0000000750e00000| Untracked 
| 648|0x0000000751000000, 0x0000000751000000, 0x0000000751200000|  0%| F|  |TAMS 0x0000000751000000| PB 0x0000000751000000| Untracked 
| 649|0x0000000751200000, 0x0000000751200000, 0x0000000751400000|  0%| F|  |TAMS 0x0000000751200000| PB 0x0000000751200000| Untracked 
| 650|0x0000000751400000, 0x0000000751400000, 0x0000000751600000|  0%| F|  |TAMS 0x0000000751400000| PB 0x0000000751400000| Untracked 
| 651|0x0000000751600000, 0x0000000751600000, 0x0000000751800000|  0%| F|  |TAMS 0x0000000751600000| PB 0x0000000751600000| Untracked 
| 652|0x0000000751800000, 0x0000000751800000, 0x0000000751a00000|  0%| F|  |TAMS 0x0000000751800000| PB 0x0000000751800000| Untracked 
| 653|0x0000000751a00000, 0x0000000751a00000, 0x0000000751c00000|  0%| F|  |TAMS 0x0000000751a00000| PB 0x0000000751a00000| Untracked 
| 654|0x0000000751c00000, 0x0000000751c00000, 0x0000000751e00000|  0%| F|  |TAMS 0x0000000751c00000| PB 0x0000000751c00000| Untracked 
| 655|0x0000000751e00000, 0x0000000751e00000, 0x0000000752000000|  0%| F|  |TAMS 0x0000000751e00000| PB 0x0000000751e00000| Untracked 
| 656|0x0000000752000000, 0x0000000752000000, 0x0000000752200000|  0%| F|  |TAMS 0x0000000752000000| PB 0x0000000752000000| Untracked 
| 657|0x0000000752200000, 0x0000000752200000, 0x0000000752400000|  0%| F|  |TAMS 0x0000000752200000| PB 0x0000000752200000| Untracked 
| 658|0x0000000752400000, 0x0000000752400000, 0x0000000752600000|  0%| F|  |TAMS 0x0000000752400000| PB 0x0000000752400000| Untracked 
| 659|0x0000000752600000, 0x0000000752600000, 0x0000000752800000|  0%| F|  |TAMS 0x0000000752600000| PB 0x0000000752600000| Untracked 
| 660|0x0000000752800000, 0x0000000752800000, 0x0000000752a00000|  0%| F|  |TAMS 0x0000000752800000| PB 0x0000000752800000| Untracked 
| 661|0x0000000752a00000, 0x0000000752a00000, 0x0000000752c00000|  0%| F|  |TAMS 0x0000000752a00000| PB 0x0000000752a00000| Untracked 
| 662|0x0000000752c00000, 0x0000000752c00000, 0x0000000752e00000|  0%| F|  |TAMS 0x0000000752c00000| PB 0x0000000752c00000| Untracked 
| 663|0x0000000752e00000, 0x0000000752e00000, 0x0000000753000000|  0%| F|  |TAMS 0x0000000752e00000| PB 0x0000000752e00000| Untracked 
| 664|0x0000000753000000, 0x0000000753000000, 0x0000000753200000|  0%| F|  |TAMS 0x0000000753000000| PB 0x0000000753000000| Untracked 
| 665|0x0000000753200000, 0x0000000753200000, 0x0000000753400000|  0%| F|  |TAMS 0x0000000753200000| PB 0x0000000753200000| Untracked 
| 666|0x0000000753400000, 0x0000000753400000, 0x0000000753600000|  0%| F|  |TAMS 0x0000000753400000| PB 0x0000000753400000| Untracked 
| 667|0x0000000753600000, 0x0000000753600000, 0x0000000753800000|  0%| F|  |TAMS 0x0000000753600000| PB 0x0000000753600000| Untracked 
| 668|0x0000000753800000, 0x0000000753800000, 0x0000000753a00000|  0%| F|  |TAMS 0x0000000753800000| PB 0x0000000753800000| Untracked 
| 669|0x0000000753a00000, 0x0000000753a00000, 0x0000000753c00000|  0%| F|  |TAMS 0x0000000753a00000| PB 0x0000000753a00000| Untracked 
| 670|0x0000000753c00000, 0x0000000753c00000, 0x0000000753e00000|  0%| F|  |TAMS 0x0000000753c00000| PB 0x0000000753c00000| Untracked 
| 671|0x0000000753e00000, 0x0000000753e00000, 0x0000000754000000|  0%| F|  |TAMS 0x0000000753e00000| PB 0x0000000753e00000| Untracked 
| 672|0x0000000754000000, 0x0000000754000000, 0x0000000754200000|  0%| F|  |TAMS 0x0000000754000000| PB 0x0000000754000000| Untracked 
| 673|0x0000000754200000, 0x0000000754200000, 0x0000000754400000|  0%| F|  |TAMS 0x0000000754200000| PB 0x0000000754200000| Untracked 
| 674|0x0000000754400000, 0x0000000754400000, 0x0000000754600000|  0%| F|  |TAMS 0x0000000754400000| PB 0x0000000754400000| Untracked 
| 675|0x0000000754600000, 0x0000000754600000, 0x0000000754800000|  0%| F|  |TAMS 0x0000000754600000| PB 0x0000000754600000| Untracked 
| 676|0x0000000754800000, 0x0000000754800000, 0x0000000754a00000|  0%| F|  |TAMS 0x0000000754800000| PB 0x0000000754800000| Untracked 
| 677|0x0000000754a00000, 0x0000000754a00000, 0x0000000754c00000|  0%| F|  |TAMS 0x0000000754a00000| PB 0x0000000754a00000| Untracked 
| 678|0x0000000754c00000, 0x0000000754c00000, 0x0000000754e00000|  0%| F|  |TAMS 0x0000000754c00000| PB 0x0000000754c00000| Untracked 
| 679|0x0000000754e00000, 0x0000000754e00000, 0x0000000755000000|  0%| F|  |TAMS 0x0000000754e00000| PB 0x0000000754e00000| Untracked 
| 680|0x0000000755000000, 0x0000000755000000, 0x0000000755200000|  0%| F|  |TAMS 0x0000000755000000| PB 0x0000000755000000| Untracked 
| 681|0x0000000755200000, 0x0000000755200000, 0x0000000755400000|  0%| F|  |TAMS 0x0000000755200000| PB 0x0000000755200000| Untracked 
| 682|0x0000000755400000, 0x0000000755400000, 0x0000000755600000|  0%| F|  |TAMS 0x0000000755400000| PB 0x0000000755400000| Untracked 
| 683|0x0000000755600000, 0x0000000755600000, 0x0000000755800000|  0%| F|  |TAMS 0x0000000755600000| PB 0x0000000755600000| Untracked 
| 684|0x0000000755800000, 0x0000000755800000, 0x0000000755a00000|  0%| F|  |TAMS 0x0000000755800000| PB 0x0000000755800000| Untracked 
| 685|0x0000000755a00000, 0x0000000755a00000, 0x0000000755c00000|  0%| F|  |TAMS 0x0000000755a00000| PB 0x0000000755a00000| Untracked 
| 686|0x0000000755c00000, 0x0000000755c00000, 0x0000000755e00000|  0%| F|  |TAMS 0x0000000755c00000| PB 0x0000000755c00000| Untracked 
| 687|0x0000000755e00000, 0x0000000755e00000, 0x0000000756000000|  0%| F|  |TAMS 0x0000000755e00000| PB 0x0000000755e00000| Untracked 
| 688|0x0000000756000000, 0x0000000756000000, 0x0000000756200000|  0%| F|  |TAMS 0x0000000756000000| PB 0x0000000756000000| Untracked 
| 689|0x0000000756200000, 0x0000000756200000, 0x0000000756400000|  0%| F|  |TAMS 0x0000000756200000| PB 0x0000000756200000| Untracked 
| 690|0x0000000756400000, 0x0000000756400000, 0x0000000756600000|  0%| F|  |TAMS 0x0000000756400000| PB 0x0000000756400000| Untracked 
| 691|0x0000000756600000, 0x0000000756600000, 0x0000000756800000|  0%| F|  |TAMS 0x0000000756600000| PB 0x0000000756600000| Untracked 
| 692|0x0000000756800000, 0x0000000756800000, 0x0000000756a00000|  0%| F|  |TAMS 0x0000000756800000| PB 0x0000000756800000| Untracked 
| 693|0x0000000756a00000, 0x0000000756a00000, 0x0000000756c00000|  0%| F|  |TAMS 0x0000000756a00000| PB 0x0000000756a00000| Untracked 
| 694|0x0000000756c00000, 0x0000000756c00000, 0x0000000756e00000|  0%| F|  |TAMS 0x0000000756c00000| PB 0x0000000756c00000| Untracked 
| 695|0x0000000756e00000, 0x0000000756e00000, 0x0000000757000000|  0%| F|  |TAMS 0x0000000756e00000| PB 0x0000000756e00000| Untracked 
| 696|0x0000000757000000, 0x0000000757000000, 0x0000000757200000|  0%| F|  |TAMS 0x0000000757000000| PB 0x0000000757000000| Untracked 
| 697|0x0000000757200000, 0x0000000757200000, 0x0000000757400000|  0%| F|  |TAMS 0x0000000757200000| PB 0x0000000757200000| Untracked 
| 698|0x0000000757400000, 0x0000000757400000, 0x0000000757600000|  0%| F|  |TAMS 0x0000000757400000| PB 0x0000000757400000| Untracked 
| 699|0x0000000757600000, 0x0000000757600000, 0x0000000757800000|  0%| F|  |TAMS 0x0000000757600000| PB 0x0000000757600000| Untracked 
| 700|0x0000000757800000, 0x0000000757800000, 0x0000000757a00000|  0%| F|  |TAMS 0x0000000757800000| PB 0x0000000757800000| Untracked 
| 701|0x0000000757a00000, 0x0000000757a00000, 0x0000000757c00000|  0%| F|  |TAMS 0x0000000757a00000| PB 0x0000000757a00000| Untracked 
| 702|0x0000000757c00000, 0x0000000757c00000, 0x0000000757e00000|  0%| F|  |TAMS 0x0000000757c00000| PB 0x0000000757c00000| Untracked 
| 703|0x0000000757e00000, 0x0000000757e00000, 0x0000000758000000|  0%| F|  |TAMS 0x0000000757e00000| PB 0x0000000757e00000| Untracked 
| 704|0x0000000758000000, 0x0000000758000000, 0x0000000758200000|  0%| F|  |TAMS 0x0000000758000000| PB 0x0000000758000000| Untracked 
| 705|0x0000000758200000, 0x0000000758200000, 0x0000000758400000|  0%| F|  |TAMS 0x0000000758200000| PB 0x0000000758200000| Untracked 
| 706|0x0000000758400000, 0x0000000758400000, 0x0000000758600000|  0%| F|  |TAMS 0x0000000758400000| PB 0x0000000758400000| Untracked 
| 707|0x0000000758600000, 0x0000000758600000, 0x0000000758800000|  0%| F|  |TAMS 0x0000000758600000| PB 0x0000000758600000| Untracked 
| 708|0x0000000758800000, 0x0000000758800000, 0x0000000758a00000|  0%| F|  |TAMS 0x0000000758800000| PB 0x0000000758800000| Untracked 
| 709|0x0000000758a00000, 0x0000000758a00000, 0x0000000758c00000|  0%| F|  |TAMS 0x0000000758a00000| PB 0x0000000758a00000| Untracked 
| 710|0x0000000758c00000, 0x0000000758c00000, 0x0000000758e00000|  0%| F|  |TAMS 0x0000000758c00000| PB 0x0000000758c00000| Untracked 
| 711|0x0000000758e00000, 0x0000000758e00000, 0x0000000759000000|  0%| F|  |TAMS 0x0000000758e00000| PB 0x0000000758e00000| Untracked 
| 712|0x0000000759000000, 0x0000000759000000, 0x0000000759200000|  0%| F|  |TAMS 0x0000000759000000| PB 0x0000000759000000| Untracked 
| 713|0x0000000759200000, 0x0000000759200000, 0x0000000759400000|  0%| F|  |TAMS 0x0000000759200000| PB 0x0000000759200000| Untracked 
| 714|0x0000000759400000, 0x0000000759400000, 0x0000000759600000|  0%| F|  |TAMS 0x0000000759400000| PB 0x0000000759400000| Untracked 
| 715|0x0000000759600000, 0x0000000759600000, 0x0000000759800000|  0%| F|  |TAMS 0x0000000759600000| PB 0x0000000759600000| Untracked 
| 716|0x0000000759800000, 0x0000000759800000, 0x0000000759a00000|  0%| F|  |TAMS 0x0000000759800000| PB 0x0000000759800000| Untracked 
| 717|0x0000000759a00000, 0x0000000759a00000, 0x0000000759c00000|  0%| F|  |TAMS 0x0000000759a00000| PB 0x0000000759a00000| Untracked 
| 718|0x0000000759c00000, 0x0000000759c00000, 0x0000000759e00000|  0%| F|  |TAMS 0x0000000759c00000| PB 0x0000000759c00000| Untracked 
| 719|0x0000000759e00000, 0x0000000759e00000, 0x000000075a000000|  0%| F|  |TAMS 0x0000000759e00000| PB 0x0000000759e00000| Untracked 
| 720|0x000000075a000000, 0x000000075a000000, 0x000000075a200000|  0%| F|  |TAMS 0x000000075a000000| PB 0x000000075a000000| Untracked 
| 721|0x000000075a200000, 0x000000075a200000, 0x000000075a400000|  0%| F|  |TAMS 0x000000075a200000| PB 0x000000075a200000| Untracked 
| 722|0x000000075a400000, 0x000000075a400000, 0x000000075a600000|  0%| F|  |TAMS 0x000000075a400000| PB 0x000000075a400000| Untracked 
| 723|0x000000075a600000, 0x000000075a600000, 0x000000075a800000|  0%| F|  |TAMS 0x000000075a600000| PB 0x000000075a600000| Untracked 
| 724|0x000000075a800000, 0x000000075a800000, 0x000000075aa00000|  0%| F|  |TAMS 0x000000075a800000| PB 0x000000075a800000| Untracked 
| 725|0x000000075aa00000, 0x000000075aa00000, 0x000000075ac00000|  0%| F|  |TAMS 0x000000075aa00000| PB 0x000000075aa00000| Untracked 
| 726|0x000000075ac00000, 0x000000075ac00000, 0x000000075ae00000|  0%| F|  |TAMS 0x000000075ac00000| PB 0x000000075ac00000| Untracked 
| 727|0x000000075ae00000, 0x000000075ae00000, 0x000000075b000000|  0%| F|  |TAMS 0x000000075ae00000| PB 0x000000075ae00000| Untracked 
| 728|0x000000075b000000, 0x000000075b000000, 0x000000075b200000|  0%| F|  |TAMS 0x000000075b000000| PB 0x000000075b000000| Untracked 
| 729|0x000000075b200000, 0x000000075b200000, 0x000000075b400000|  0%| F|  |TAMS 0x000000075b200000| PB 0x000000075b200000| Untracked 
| 730|0x000000075b400000, 0x000000075b400000, 0x000000075b600000|  0%| F|  |TAMS 0x000000075b400000| PB 0x000000075b400000| Untracked 
| 731|0x000000075b600000, 0x000000075b600000, 0x000000075b800000|  0%| F|  |TAMS 0x000000075b600000| PB 0x000000075b600000| Untracked 
| 732|0x000000075b800000, 0x000000075b800000, 0x000000075ba00000|  0%| F|  |TAMS 0x000000075b800000| PB 0x000000075b800000| Untracked 
| 733|0x000000075ba00000, 0x000000075ba00000, 0x000000075bc00000|  0%| F|  |TAMS 0x000000075ba00000| PB 0x000000075ba00000| Untracked 
| 734|0x000000075bc00000, 0x000000075bc00000, 0x000000075be00000|  0%| F|  |TAMS 0x000000075bc00000| PB 0x000000075bc00000| Untracked 
| 735|0x000000075be00000, 0x000000075be00000, 0x000000075c000000|  0%| F|  |TAMS 0x000000075be00000| PB 0x000000075be00000| Untracked 
| 736|0x000000075c000000, 0x000000075c000000, 0x000000075c200000|  0%| F|  |TAMS 0x000000075c000000| PB 0x000000075c000000| Untracked 
| 737|0x000000075c200000, 0x000000075c200000, 0x000000075c400000|  0%| F|  |TAMS 0x000000075c200000| PB 0x000000075c200000| Untracked 
| 738|0x000000075c400000, 0x000000075c400000, 0x000000075c600000|  0%| F|  |TAMS 0x000000075c400000| PB 0x000000075c400000| Untracked 
| 739|0x000000075c600000, 0x000000075c600000, 0x000000075c800000|  0%| F|  |TAMS 0x000000075c600000| PB 0x000000075c600000| Untracked 
| 740|0x000000075c800000, 0x000000075c800000, 0x000000075ca00000|  0%| F|  |TAMS 0x000000075c800000| PB 0x000000075c800000| Untracked 
| 741|0x000000075ca00000, 0x000000075ca00000, 0x000000075cc00000|  0%| F|  |TAMS 0x000000075ca00000| PB 0x000000075ca00000| Untracked 
| 742|0x000000075cc00000, 0x000000075cc00000, 0x000000075ce00000|  0%| F|  |TAMS 0x000000075cc00000| PB 0x000000075cc00000| Untracked 
| 743|0x000000075ce00000, 0x000000075ce00000, 0x000000075d000000|  0%| F|  |TAMS 0x000000075ce00000| PB 0x000000075ce00000| Untracked 
| 744|0x000000075d000000, 0x000000075d000000, 0x000000075d200000|  0%| F|  |TAMS 0x000000075d000000| PB 0x000000075d000000| Untracked 
| 745|0x000000075d200000, 0x000000075d200000, 0x000000075d400000|  0%| F|  |TAMS 0x000000075d200000| PB 0x000000075d200000| Untracked 
| 746|0x000000075d400000, 0x000000075d400000, 0x000000075d600000|  0%| F|  |TAMS 0x000000075d400000| PB 0x000000075d400000| Untracked 
| 747|0x000000075d600000, 0x000000075d600000, 0x000000075d800000|  0%| F|  |TAMS 0x000000075d600000| PB 0x000000075d600000| Untracked 
| 748|0x000000075d800000, 0x000000075d800000, 0x000000075da00000|  0%| F|  |TAMS 0x000000075d800000| PB 0x000000075d800000| Untracked 
| 749|0x000000075da00000, 0x000000075da00000, 0x000000075dc00000|  0%| F|  |TAMS 0x000000075da00000| PB 0x000000075da00000| Untracked 
| 750|0x000000075dc00000, 0x000000075dc00000, 0x000000075de00000|  0%| F|  |TAMS 0x000000075dc00000| PB 0x000000075dc00000| Untracked 
| 751|0x000000075de00000, 0x000000075de00000, 0x000000075e000000|  0%| F|  |TAMS 0x000000075de00000| PB 0x000000075de00000| Untracked 
| 752|0x000000075e000000, 0x000000075e000000, 0x000000075e200000|  0%| F|  |TAMS 0x000000075e000000| PB 0x000000075e000000| Untracked 
| 753|0x000000075e200000, 0x000000075e200000, 0x000000075e400000|  0%| F|  |TAMS 0x000000075e200000| PB 0x000000075e200000| Untracked 
| 754|0x000000075e400000, 0x000000075e400000, 0x000000075e600000|  0%| F|  |TAMS 0x000000075e400000| PB 0x000000075e400000| Untracked 
| 755|0x000000075e600000, 0x000000075e600000, 0x000000075e800000|  0%| F|  |TAMS 0x000000075e600000| PB 0x000000075e600000| Untracked 
| 756|0x000000075e800000, 0x000000075e800000, 0x000000075ea00000|  0%| F|  |TAMS 0x000000075e800000| PB 0x000000075e800000| Untracked 
| 757|0x000000075ea00000, 0x000000075ea00000, 0x000000075ec00000|  0%| F|  |TAMS 0x000000075ea00000| PB 0x000000075ea00000| Untracked 
| 758|0x000000075ec00000, 0x000000075ec00000, 0x000000075ee00000|  0%| F|  |TAMS 0x000000075ec00000| PB 0x000000075ec00000| Untracked 
| 759|0x000000075ee00000, 0x000000075ee00000, 0x000000075f000000|  0%| F|  |TAMS 0x000000075ee00000| PB 0x000000075ee00000| Untracked 
| 760|0x000000075f000000, 0x000000075f000000, 0x000000075f200000|  0%| F|  |TAMS 0x000000075f000000| PB 0x000000075f000000| Untracked 
| 761|0x000000075f200000, 0x000000075f200000, 0x000000075f400000|  0%| F|  |TAMS 0x000000075f200000| PB 0x000000075f200000| Untracked 
| 762|0x000000075f400000, 0x000000075f400000, 0x000000075f600000|  0%| F|  |TAMS 0x000000075f400000| PB 0x000000075f400000| Untracked 
| 763|0x000000075f600000, 0x000000075f600000, 0x000000075f800000|  0%| F|  |TAMS 0x000000075f600000| PB 0x000000075f600000| Untracked 
| 764|0x000000075f800000, 0x000000075f800000, 0x000000075fa00000|  0%| F|  |TAMS 0x000000075f800000| PB 0x000000075f800000| Untracked 
| 765|0x000000075fa00000, 0x000000075fa00000, 0x000000075fc00000|  0%| F|  |TAMS 0x000000075fa00000| PB 0x000000075fa00000| Untracked 
| 766|0x000000075fc00000, 0x000000075fc00000, 0x000000075fe00000|  0%| F|  |TAMS 0x000000075fc00000| PB 0x000000075fc00000| Untracked 
| 767|0x000000075fe00000, 0x000000075fe00000, 0x0000000760000000|  0%| F|  |TAMS 0x000000075fe00000| PB 0x000000075fe00000| Untracked 
| 768|0x0000000760000000, 0x0000000760000000, 0x0000000760200000|  0%| F|  |TAMS 0x0000000760000000| PB 0x0000000760000000| Untracked 
| 769|0x0000000760200000, 0x0000000760200000, 0x0000000760400000|  0%| F|  |TAMS 0x0000000760200000| PB 0x0000000760200000| Untracked 
| 770|0x0000000760400000, 0x0000000760400000, 0x0000000760600000|  0%| F|  |TAMS 0x0000000760400000| PB 0x0000000760400000| Untracked 
| 771|0x0000000760600000, 0x0000000760600000, 0x0000000760800000|  0%| F|  |TAMS 0x0000000760600000| PB 0x0000000760600000| Untracked 
| 772|0x0000000760800000, 0x0000000760800000, 0x0000000760a00000|  0%| F|  |TAMS 0x0000000760800000| PB 0x0000000760800000| Untracked 
| 773|0x0000000760a00000, 0x0000000760a00000, 0x0000000760c00000|  0%| F|  |TAMS 0x0000000760a00000| PB 0x0000000760a00000| Untracked 
| 774|0x0000000760c00000, 0x0000000760c00000, 0x0000000760e00000|  0%| F|  |TAMS 0x0000000760c00000| PB 0x0000000760c00000| Untracked 
| 775|0x0000000760e00000, 0x0000000760e00000, 0x0000000761000000|  0%| F|  |TAMS 0x0000000760e00000| PB 0x0000000760e00000| Untracked 
| 776|0x0000000761000000, 0x0000000761000000, 0x0000000761200000|  0%| F|  |TAMS 0x0000000761000000| PB 0x0000000761000000| Untracked 
| 777|0x0000000761200000, 0x0000000761200000, 0x0000000761400000|  0%| F|  |TAMS 0x0000000761200000| PB 0x0000000761200000| Untracked 
| 778|0x0000000761400000, 0x0000000761490b40, 0x0000000761600000| 28%| S|CS|TAMS 0x0000000761400000| PB 0x0000000761400000| Complete 
| 779|0x0000000761600000, 0x0000000761800000, 0x0000000761800000|100%| S|CS|TAMS 0x0000000761600000| PB 0x0000000761600000| Complete 
| 780|0x0000000761800000, 0x0000000761a00000, 0x0000000761a00000|100%| S|CS|TAMS 0x0000000761800000| PB 0x0000000761800000| Complete 
| 781|0x0000000761a00000, 0x0000000761c00000, 0x0000000761c00000|100%| S|CS|TAMS 0x0000000761a00000| PB 0x0000000761a00000| Complete 
| 782|0x0000000761c00000, 0x0000000761c00000, 0x0000000761e00000|  0%| F|  |TAMS 0x0000000761c00000| PB 0x0000000761c00000| Untracked 
| 783|0x0000000761e00000, 0x0000000761e00000, 0x0000000762000000|  0%| F|  |TAMS 0x0000000761e00000| PB 0x0000000761e00000| Untracked 
| 784|0x0000000762000000, 0x0000000762000000, 0x0000000762200000|  0%| F|  |TAMS 0x0000000762000000| PB 0x0000000762000000| Untracked 
| 785|0x0000000762200000, 0x0000000762200000, 0x0000000762400000|  0%| F|  |TAMS 0x0000000762200000| PB 0x0000000762200000| Untracked 
| 786|0x0000000762400000, 0x0000000762400000, 0x0000000762600000|  0%| F|  |TAMS 0x0000000762400000| PB 0x0000000762400000| Untracked 
| 787|0x0000000762600000, 0x0000000762600000, 0x0000000762800000|  0%| F|  |TAMS 0x0000000762600000| PB 0x0000000762600000| Untracked 
| 788|0x0000000762800000, 0x0000000762800000, 0x0000000762a00000|  0%| F|  |TAMS 0x0000000762800000| PB 0x0000000762800000| Untracked 
| 789|0x0000000762a00000, 0x0000000762a00000, 0x0000000762c00000|  0%| F|  |TAMS 0x0000000762a00000| PB 0x0000000762a00000| Untracked 
| 790|0x0000000762c00000, 0x0000000762c00000, 0x0000000762e00000|  0%| F|  |TAMS 0x0000000762c00000| PB 0x0000000762c00000| Untracked 
| 791|0x0000000762e00000, 0x0000000762e00000, 0x0000000763000000|  0%| F|  |TAMS 0x0000000762e00000| PB 0x0000000762e00000| Untracked 
| 792|0x0000000763000000, 0x0000000763000000, 0x0000000763200000|  0%| F|  |TAMS 0x0000000763000000| PB 0x0000000763000000| Untracked 
| 793|0x0000000763200000, 0x0000000763200000, 0x0000000763400000|  0%| F|  |TAMS 0x0000000763200000| PB 0x0000000763200000| Untracked 
| 794|0x0000000763400000, 0x0000000763400000, 0x0000000763600000|  0%| F|  |TAMS 0x0000000763400000| PB 0x0000000763400000| Untracked 
| 795|0x0000000763600000, 0x0000000763600000, 0x0000000763800000|  0%| F|  |TAMS 0x0000000763600000| PB 0x0000000763600000| Untracked 
| 796|0x0000000763800000, 0x0000000763800000, 0x0000000763a00000|  0%| F|  |TAMS 0x0000000763800000| PB 0x0000000763800000| Untracked 
| 797|0x0000000763a00000, 0x0000000763a00000, 0x0000000763c00000|  0%| F|  |TAMS 0x0000000763a00000| PB 0x0000000763a00000| Untracked 
| 798|0x0000000763c00000, 0x0000000763c00000, 0x0000000763e00000|  0%| F|  |TAMS 0x0000000763c00000| PB 0x0000000763c00000| Untracked 
| 799|0x0000000763e00000, 0x0000000763e00000, 0x0000000764000000|  0%| F|  |TAMS 0x0000000763e00000| PB 0x0000000763e00000| Untracked 
| 800|0x0000000764000000, 0x0000000764000000, 0x0000000764200000|  0%| F|  |TAMS 0x0000000764000000| PB 0x0000000764000000| Untracked 
| 801|0x0000000764200000, 0x0000000764200000, 0x0000000764400000|  0%| F|  |TAMS 0x0000000764200000| PB 0x0000000764200000| Untracked 
| 802|0x0000000764400000, 0x0000000764400000, 0x0000000764600000|  0%| F|  |TAMS 0x0000000764400000| PB 0x0000000764400000| Untracked 
| 803|0x0000000764600000, 0x0000000764600000, 0x0000000764800000|  0%| F|  |TAMS 0x0000000764600000| PB 0x0000000764600000| Untracked 
| 804|0x0000000764800000, 0x0000000764800000, 0x0000000764a00000|  0%| F|  |TAMS 0x0000000764800000| PB 0x0000000764800000| Untracked 
| 805|0x0000000764a00000, 0x0000000764a00000, 0x0000000764c00000|  0%| F|  |TAMS 0x0000000764a00000| PB 0x0000000764a00000| Untracked 
|2023|0x00000007fce00000, 0x00000007fce00000, 0x00000007fd000000|  0%| F|  |TAMS 0x00000007fce00000| PB 0x00000007fce00000| Untracked 
|2024|0x00000007fd000000, 0x00000007fd000000, 0x00000007fd200000|  0%| F|  |TAMS 0x00000007fd000000| PB 0x00000007fd000000| Untracked 
|2025|0x00000007fd200000, 0x00000007fd200000, 0x00000007fd400000|  0%| F|  |TAMS 0x00000007fd200000| PB 0x00000007fd200000| Untracked 
|2026|0x00000007fd400000, 0x00000007fd400000, 0x00000007fd600000|  0%| F|  |TAMS 0x00000007fd400000| PB 0x00000007fd400000| Untracked 
|2027|0x00000007fd600000, 0x00000007fd600000, 0x00000007fd800000|  0%| F|  |TAMS 0x00000007fd600000| PB 0x00000007fd600000| Untracked 
|2028|0x00000007fd800000, 0x00000007fd800000, 0x00000007fda00000|  0%| F|  |TAMS 0x00000007fd800000| PB 0x00000007fd800000| Untracked 
|2029|0x00000007fda00000, 0x00000007fda00000, 0x00000007fdc00000|  0%| F|  |TAMS 0x00000007fda00000| PB 0x00000007fda00000| Untracked 
|2030|0x00000007fdc00000, 0x00000007fdc00000, 0x00000007fde00000|  0%| F|  |TAMS 0x00000007fdc00000| PB 0x00000007fdc00000| Untracked 
|2031|0x00000007fde00000, 0x00000007fde00000, 0x00000007fe000000|  0%| F|  |TAMS 0x00000007fde00000| PB 0x00000007fde00000| Untracked 
|2032|0x00000007fe000000, 0x00000007fe000000, 0x00000007fe200000|  0%| F|  |TAMS 0x00000007fe000000| PB 0x00000007fe000000| Untracked 
|2033|0x00000007fe200000, 0x00000007fe200000, 0x00000007fe400000|  0%| F|  |TAMS 0x00000007fe200000| PB 0x00000007fe200000| Untracked 
|2034|0x00000007fe400000, 0x00000007fe400000, 0x00000007fe600000|  0%| F|  |TAMS 0x00000007fe400000| PB 0x00000007fe400000| Untracked 
|2035|0x00000007fe600000, 0x00000007fe600000, 0x00000007fe800000|  0%| F|  |TAMS 0x00000007fe600000| PB 0x00000007fe600000| Untracked 
|2036|0x00000007fe800000, 0x00000007fe800000, 0x00000007fea00000|  0%| F|  |TAMS 0x00000007fe800000| PB 0x00000007fe800000| Untracked 
|2037|0x00000007fea00000, 0x00000007fec00000, 0x00000007fec00000|100%| O|  |TAMS 0x00000007fea00000| PB 0x00000007fea00000| Untracked 
|2038|0x00000007fec00000, 0x00000007fec00000, 0x00000007fee00000|  0%| F|  |TAMS 0x00000007fec00000| PB 0x00000007fec00000| Untracked 
|2039|0x00000007fee00000, 0x00000007ff000000, 0x00000007ff000000|100%| O|  |TAMS 0x00000007fee00000| PB 0x00000007fee00000| Untracked 
|2040|0x00000007ff000000, 0x00000007ff200000, 0x00000007ff200000|100%| O|  |TAMS 0x00000007ff000000| PB 0x00000007ff000000| Untracked 
|2041|0x00000007ff200000, 0x00000007ff200000, 0x00000007ff400000|  0%| F|  |TAMS 0x00000007ff200000| PB 0x00000007ff200000| Untracked 
|2042|0x00000007ff400000, 0x00000007ff600000, 0x00000007ff600000|100%| O|  |TAMS 0x00000007ff400000| PB 0x00000007ff400000| Untracked 
|2043|0x00000007ff600000, 0x00000007ff800000, 0x00000007ff800000|100%| O|  |TAMS 0x00000007ff600000| PB 0x00000007ff600000| Untracked 
|2044|0x00000007ff800000, 0x00000007ff800000, 0x00000007ffa00000|  0%| F|  |TAMS 0x00000007ff800000| PB 0x00000007ff800000| Untracked 
|2045|0x00000007ffa00000, 0x00000007ffc00000, 0x00000007ffc00000|100%| O|  |TAMS 0x00000007ffa00000| PB 0x00000007ffa00000| Untracked 
|2046|0x00000007ffc00000, 0x00000007ffe00000, 0x00000007ffe00000|100%| O|  |TAMS 0x00000007ffc00000| PB 0x00000007ffc00000| Untracked 
|2047|0x00000007ffe00000, 0x0000000800000000, 0x0000000800000000|100%| O|  |TAMS 0x00000007ffe00000| PB 0x00000007ffe00000| Untracked 

Card table byte_map: [0x00000245347d0000,0x0000024534fd0000] _byte_map_base: 0x0000024530fd0000

Marking Bits: (CMBitMap*) 0x000002451b3b6720
 Bits: [0x0000024534fd0000, 0x0000024538fd0000)

Polling page: 0x00000245190f0000

Metaspace:

Usage:
  Non-class:    181.19 MB used.
      Class:     27.20 MB used.
       Both:    208.39 MB used.

Virtual space:
  Non-class space:      192.00 MB reserved,     182.88 MB ( 95%) committed,  3 nodes.
      Class space:        1.00 GB reserved,      29.00 MB (  3%) committed,  1 nodes.
             Both:        1.19 GB reserved,     211.88 MB ( 17%) committed. 

Chunk freelists:
   Non-Class:  8.80 MB
       Class:  3.05 MB
        Both:  11.84 MB

MaxMetaspaceSize: unlimited
CompressedClassSpaceSize: 1.00 GB
Initial GC threshold: 21.00 MB
Current GC threshold: 353.12 MB
CDS: on
 - commit_granule_bytes: 65536.
 - commit_granule_words: 8192.
 - virtual_space_node_default_size: 8388608.
 - enlarge_chunks_in_place: 1.
 - use_allocation_guard: 0.


Internal statistics:

num_allocs_failed_limit: 3.
num_arena_births: 6994.
num_arena_deaths: 12.
num_vsnodes_births: 4.
num_vsnodes_deaths: 0.
num_space_committed: 3388.
num_space_uncommitted: 0.
num_chunks_returned_to_freelist: 21.
num_chunks_taken_from_freelist: 17605.
num_chunk_merges: 8.
num_chunk_splits: 11221.
num_chunks_enlarged: 6788.
num_inconsistent_stats: 0.

CodeHeap 'non-profiled nmethods': size=120000Kb used=21388Kb max_used=22410Kb free=98611Kb
 bounds [0x000002452c760000, 0x000002452dd50000, 0x0000024533c90000]
CodeHeap 'profiled nmethods': size=120000Kb used=23667Kb max_used=55582Kb free=96333Kb
 bounds [0x0000024524c90000, 0x00000245282e0000, 0x000002452c1c0000]
CodeHeap 'non-nmethods': size=5760Kb used=2315Kb max_used=2425Kb free=3444Kb
 bounds [0x000002452c1c0000, 0x000002452c450000, 0x000002452c760000]
CodeCache: size=245760Kb, used=47370Kb, max_used=80417Kb, free=198388Kb
 total_blobs=14755, nmethods=13635, adapters=1021, full_count=0
Compilation: enabled, stopped_count=0, restarted_count=0

Compilation events (20 events):
Event: 1632.791 Thread 0x000002453b4d2bb0 46986       3       com.android.tools.r8.internal.k32::c (657 bytes)
Event: 1632.795 Thread 0x000002453b4d2bb0 nmethod 46986 0x0000024526378010 code [0x00000245263787c0, 0x000002452637c8c8]
Event: 1632.795 Thread 0x000002453b4d2bb0 46987       3       com.android.tools.r8.synthesis.m::a (48 bytes)
Event: 1632.795 Thread 0x000002453b4d2bb0 nmethod 46987 0x0000024524cb6490 code [0x0000024524cb6680, 0x0000024524cb6c30]
Event: 1632.805 Thread 0x000002453b4c31f0 nmethod 46989 0x000002452d354890 code [0x000002452d354bc0, 0x000002452d355820]
Event: 1632.947 Thread 0x000002453b4d2bb0 46990       3       java.util.stream.ReferencePipeline::allMatch (18 bytes)
Event: 1632.948 Thread 0x000002453b4d2bb0 nmethod 46990 0x0000024525350190 code [0x0000024525350360, 0x0000024525350600]
Event: 1632.964 Thread 0x000002453b4c31f0 46991       4       com.android.tools.r8.internal.oh0::hashCode (21 bytes)
Event: 1632.965 Thread 0x000002453b4c31f0 nmethod 46991 0x000002452c803510 code [0x000002452c8036a0, 0x000002452c8037a0]
Event: 1632.965 Thread 0x000002453b4c31f0 46992   !   4       com.android.tools.r8.internal.rc::a (67 bytes)
Event: 1632.978 Thread 0x000002453b4c31f0 nmethod 46992 0x000002452d03c590 code [0x000002452d03c7c0, 0x000002452d03d580]
Event: 1632.990 Thread 0x000002453b4c31f0 46993       4       com.android.tools.r8.graph.k$$Lambda/0x000002453e9d2480::apply (12 bytes)
Event: 1632.991 Thread 0x000002453b4c31f0 nmethod 46993 0x000002452c807610 code [0x000002452c8077c0, 0x000002452c8078f8]
Event: 1632.991 Thread 0x000002453b4c31f0 46994       4       com.android.tools.r8.graph.ta$$Lambda/0x000002453e9d7a58::accept (20 bytes)
Event: 1632.993 Thread 0x000002453b4c31f0 nmethod 46994 0x000002452cf47110 code [0x000002452cf472e0, 0x000002452cf47608]
Event: 1633.021 Thread 0x000002453b4c31f0 46995       4       com.android.tools.r8.internal.m32::a (498 bytes)
Event: 1633.587 Thread 0x000002453b4c31f0 nmethod 46995 0x000002452d3e0210 code [0x000002452d3e0520, 0x000002452d3e13d0]
Event: 1633.636 Thread 0x000002453b4c31f0 46996       4       com.android.tools.r8.internal.pv3::a (34 bytes)
Event: 1633.639 Thread 0x000002453b4c31f0 nmethod 46996 0x000002452d2f1890 code [0x000002452d2f1a60, 0x000002452d2f1c88]
Event: 1633.639 Thread 0x000002453b4c31f0 46997   !   4       com.android.tools.r8.internal.m32::<init> (576 bytes)

GC Heap History (20 events):
Event: 1585.649 GC heap after
{Heap after GC invocations=115 (full 0):
 garbage-first heap   total 1701888K, used 560385K [0x0000000700000000, 0x0000000800000000)
  region size 2048K, 30 young (61440K), 30 survivors (61440K)
 Metaspace       used 212673K, committed 216192K, reserved 1245184K
  class space    used 27770K, committed 29568K, reserved 1048576K
}
Event: 1592.111 GC heap before
{Heap before GC invocations=115 (full 0):
 garbage-first heap   total 1701888K, used 1518849K [0x0000000700000000, 0x0000000800000000)
  region size 2048K, 498 young (1019904K), 30 survivors (61440K)
 Metaspace       used 212846K, committed 216448K, reserved 1245184K
  class space    used 27785K, committed 29632K, reserved 1048576K
}
Event: 1592.222 GC heap after
{Heap after GC invocations=116 (full 0):
 garbage-first heap   total 1701888K, used 513024K [0x0000000700000000, 0x0000000800000000)
  region size 2048K, 29 young (59392K), 29 survivors (59392K)
 Metaspace       used 212846K, committed 216448K, reserved 1245184K
  class space    used 27785K, committed 29632K, reserved 1048576K
}
Event: 1592.573 GC heap before
{Heap before GC invocations=116 (full 0):
 garbage-first heap   total 1701888K, used 537600K [0x0000000700000000, 0x0000000800000000)
  region size 2048K, 41 young (83968K), 29 survivors (59392K)
 Metaspace       used 212846K, committed 216448K, reserved 1245184K
  class space    used 27785K, committed 29632K, reserved 1048576K
}
Event: 1592.662 GC heap after
{Heap after GC invocations=117 (full 0):
 garbage-first heap   total 1701888K, used 516364K [0x0000000700000000, 0x0000000800000000)
  region size 2048K, 5 young (10240K), 5 survivors (10240K)
 Metaspace       used 212846K, committed 216448K, reserved 1245184K
  class space    used 27785K, committed 29632K, reserved 1048576K
}
Event: 1618.327 GC heap before
{Heap before GC invocations=118 (full 0):
 garbage-first heap   total 1701888K, used 1534220K [0x0000000700000000, 0x0000000800000000)
  region size 2048K, 498 young (1019904K), 5 survivors (10240K)
 Metaspace       used 212913K, committed 216512K, reserved 1245184K
  class space    used 27786K, committed 29632K, reserved 1048576K
}
Event: 1618.477 GC heap after
{Heap after GC invocations=119 (full 0):
 garbage-first heap   total 1701888K, used 517388K [0x0000000700000000, 0x0000000800000000)
  region size 2048K, 5 young (10240K), 5 survivors (10240K)
 Metaspace       used 212913K, committed 216512K, reserved 1245184K
  class space    used 27786K, committed 29632K, reserved 1048576K
}
Event: 1626.070 GC heap before
{Heap before GC invocations=119 (full 0):
 garbage-first heap   total 1701888K, used 1527052K [0x0000000700000000, 0x0000000800000000)
  region size 2048K, 498 young (1019904K), 5 survivors (10240K)
 Metaspace       used 213305K, committed 216832K, reserved 1245184K
  class space    used 27841K, committed 29632K, reserved 1048576K
}
Event: 1626.526 GC heap after
{Heap after GC invocations=120 (full 0):
 garbage-first heap   total 1701888K, used 498405K [0x0000000700000000, 0x0000000800000000)
  region size 2048K, 7 young (14336K), 7 survivors (14336K)
 Metaspace       used 213305K, committed 216832K, reserved 1245184K
  class space    used 27841K, committed 29632K, reserved 1048576K
}
Event: 1628.619 GC heap before
{Heap before GC invocations=120 (full 0):
 garbage-first heap   total 1701888K, used 1503973K [0x0000000700000000, 0x0000000800000000)
  region size 2048K, 498 young (1019904K), 7 survivors (14336K)
 Metaspace       used 213380K, committed 216960K, reserved 1245184K
  class space    used 27851K, committed 29696K, reserved 1048576K
}
Event: 1628.790 GC heap after
{Heap after GC invocations=121 (full 0):
 garbage-first heap   total 1701888K, used 504395K [0x0000000700000000, 0x0000000800000000)
  region size 2048K, 10 young (20480K), 10 survivors (20480K)
 Metaspace       used 213380K, committed 216960K, reserved 1245184K
  class space    used 27851K, committed 29696K, reserved 1048576K
}
Event: 1631.583 GC heap before
{Heap before GC invocations=122 (full 0):
 garbage-first heap   total 1679360K, used 1489483K [0x0000000700000000, 0x0000000800000000)
  region size 2048K, 492 young (1007616K), 10 survivors (20480K)
 Metaspace       used 213387K, committed 216960K, reserved 1245184K
  class space    used 27852K, committed 29696K, reserved 1048576K
}
Event: 1631.710 GC heap after
{Heap after GC invocations=123 (full 0):
 garbage-first heap   total 1679360K, used 506217K [0x0000000700000000, 0x0000000800000000)
  region size 2048K, 12 young (24576K), 12 survivors (24576K)
 Metaspace       used 213387K, committed 216960K, reserved 1245184K
  class space    used 27852K, committed 29696K, reserved 1048576K
}
Event: 1631.783 GC heap before
{Heap before GC invocations=123 (full 0):
 garbage-first heap   total 1679360K, used 565609K [0x0000000700000000, 0x0000000800000000)
  region size 2048K, 41 young (83968K), 12 survivors (24576K)
 Metaspace       used 213388K, committed 216960K, reserved 1245184K
  class space    used 27852K, committed 29696K, reserved 1048576K
}
Event: 1632.671 GC heap after
{Heap after GC invocations=124 (full 0):
 garbage-first heap   total 1679360K, used 491713K [0x0000000700000000, 0x0000000800000000)
  region size 2048K, 4 young (8192K), 4 survivors (8192K)
 Metaspace       used 213388K, committed 216960K, reserved 1245184K
  class space    used 27852K, committed 29696K, reserved 1048576K
}
Event: 1632.806 GC heap before
{Heap before GC invocations=124 (full 0):
 garbage-first heap   total 1679360K, used 567489K [0x0000000700000000, 0x0000000800000000)
  region size 2048K, 41 young (83968K), 4 survivors (8192K)
 Metaspace       used 213388K, committed 216960K, reserved 1245184K
  class space    used 27852K, committed 29696K, reserved 1048576K
}
Event: 1632.905 GC heap after
{Heap after GC invocations=125 (full 0):
 garbage-first heap   total 1679360K, used 479546K [0x0000000700000000, 0x0000000800000000)
  region size 2048K, 3 young (6144K), 3 survivors (6144K)
 Metaspace       used 213388K, committed 216960K, reserved 1245184K
  class space    used 27852K, committed 29696K, reserved 1048576K
}
Event: 1633.112 GC heap before
{Heap before GC invocations=125 (full 0):
 garbage-first heap   total 1679360K, used 557370K [0x0000000700000000, 0x0000000800000000)
  region size 2048K, 41 young (83968K), 3 survivors (6144K)
 Metaspace       used 213388K, committed 216960K, reserved 1245184K
  class space    used 27852K, committed 29696K, reserved 1048576K
}
Event: 1633.566 GC heap after
{Heap after GC invocations=126 (full 0):
 garbage-first heap   total 1679360K, used 467586K [0x0000000700000000, 0x0000000800000000)
  region size 2048K, 3 young (6144K), 3 survivors (6144K)
 Metaspace       used 213388K, committed 216960K, reserved 1245184K
  class space    used 27852K, committed 29696K, reserved 1048576K
}
Event: 1633.696 GC heap before
{Heap before GC invocations=126 (full 0):
 garbage-first heap   total 1679360K, used 545410K [0x0000000700000000, 0x0000000800000000)
  region size 2048K, 41 young (83968K), 3 survivors (6144K)
 Metaspace       used 213388K, committed 216960K, reserved 1245184K
  class space    used 27852K, committed 29696K, reserved 1048576K
}

Dll operation events (16 events):
Event: 0.013 Loaded shared library C:\Users\Admin\.gradle\jdks\azul_systems__inc_-21-amd64-windows.2\bin\java.dll
Event: 0.043 Loaded shared library C:\Users\Admin\.gradle\jdks\azul_systems__inc_-21-amd64-windows.2\bin\jsvml.dll
Event: 0.089 Loaded shared library C:\Users\Admin\.gradle\jdks\azul_systems__inc_-21-amd64-windows.2\bin\zip.dll
Event: 0.093 Loaded shared library C:\Users\Admin\.gradle\jdks\azul_systems__inc_-21-amd64-windows.2\bin\instrument.dll
Event: 0.097 Loaded shared library C:\Users\Admin\.gradle\jdks\azul_systems__inc_-21-amd64-windows.2\bin\net.dll
Event: 0.099 Loaded shared library C:\Users\Admin\.gradle\jdks\azul_systems__inc_-21-amd64-windows.2\bin\nio.dll
Event: 0.103 Loaded shared library C:\Users\Admin\.gradle\jdks\azul_systems__inc_-21-amd64-windows.2\bin\zip.dll
Event: 0.371 Loaded shared library C:\Users\Admin\.gradle\jdks\azul_systems__inc_-21-amd64-windows.2\bin\jimage.dll
Event: 0.560 Loaded shared library C:\Users\Admin\.gradle\jdks\azul_systems__inc_-21-amd64-windows.2\bin\verify.dll
Event: 0.588 Loaded shared library C:\Users\Admin\.gradle\native\1def1411415f61bf3af743bc5b6707747c0891f09f0c88961ee8f79bc544acac\windows-amd64\native-platform.dll
Event: 0.596 Loaded shared library C:\Users\Admin\.gradle\native\0.2.8\x86_64-windows-gnu\gradle-fileevents.dll
Event: 1.582 Loaded shared library C:\Users\Admin\.gradle\jdks\azul_systems__inc_-21-amd64-windows.2\bin\management.dll
Event: 1.587 Loaded shared library C:\Users\Admin\.gradle\jdks\azul_systems__inc_-21-amd64-windows.2\bin\management_ext.dll
Event: 1.751 Loaded shared library C:\Users\Admin\.gradle\jdks\azul_systems__inc_-21-amd64-windows.2\bin\extnet.dll
Event: 2.211 Loaded shared library C:\Users\Admin\.gradle\jdks\azul_systems__inc_-21-amd64-windows.2\bin\sunmscapi.dll
Event: 1543.965 Loaded shared library C:\Users\Admin\.gradle\jdks\azul_systems__inc_-21-amd64-windows.2\bin\rmi.dll

Deoptimization events (20 events):
Event: 1628.073 Thread 0x000002450ea76290 Uncommon trap: trap_request=0xffffff45 fr.pc=0x000002452d2d89bc relative=0x000000000000019c
Event: 1628.073 Thread 0x000002450ea76290 Uncommon trap: reason=unstable_if action=reinterpret pc=0x000002452d2d89bc method=java.util.zip.CRC32.updateBytesCheck([BII)V @ 1 c2
Event: 1628.073 Thread 0x000002450ea76290 DEOPT PACKING pc=0x000002452d2d89bc sp=0x000000c4078fde10
Event: 1628.073 Thread 0x000002450ea76290 DEOPT UNPACKING pc=0x000002452c214422 sp=0x000000c4078fdd00 mode 2
Event: 1628.528 Thread 0x000002450ed326c0 Uncommon trap: trap_request=0xffffffde fr.pc=0x000002452d763c68 relative=0x0000000000000688
Event: 1628.528 Thread 0x000002450ed326c0 Uncommon trap: reason=class_check action=maybe_recompile pc=0x000002452d763c68 method=com.android.tools.r8.internal.bl.a(ILcom/android/tools/r8/internal/e01;Lcom/android/tools/r8/internal/oe1;)V @ 191 c2
Event: 1628.528 Thread 0x000002450ed326c0 DEOPT PACKING pc=0x000002452d763c68 sp=0x000000c4039fa7e0
Event: 1628.528 Thread 0x000002450ed326c0 DEOPT UNPACKING pc=0x000002452c214422 sp=0x000000c4039fa668 mode 2
Event: 1628.603 Thread 0x000002450ed326c0 Uncommon trap: trap_request=0xffffffde fr.pc=0x000002452da0d2a4 relative=0x0000000000006bc4
Event: 1628.603 Thread 0x000002450ed326c0 Uncommon trap: reason=class_check action=maybe_recompile pc=0x000002452da0d2a4 method=com.android.tools.r8.internal.t52.b()V @ 810 c2
Event: 1628.603 Thread 0x000002450ed326c0 DEOPT PACKING pc=0x000002452da0d2a4 sp=0x000000c4039fa750
Event: 1628.603 Thread 0x000002450ed326c0 DEOPT UNPACKING pc=0x000002452c214422 sp=0x000000c4039fa710 mode 2
Event: 1628.610 Thread 0x000002450ed326c0 Uncommon trap: trap_request=0xffffffde fr.pc=0x000002452da0d2a4 relative=0x0000000000006bc4
Event: 1628.610 Thread 0x000002450ed326c0 Uncommon trap: reason=class_check action=maybe_recompile pc=0x000002452da0d2a4 method=com.android.tools.r8.internal.t52.b()V @ 810 c2
Event: 1628.610 Thread 0x000002450ed326c0 DEOPT PACKING pc=0x000002452da0d2a4 sp=0x000000c4039fa750
Event: 1628.610 Thread 0x000002450ed326c0 DEOPT UNPACKING pc=0x000002452c214422 sp=0x000000c4039fa710 mode 2
Event: 1630.748 Thread 0x000002450ed326c0 Uncommon trap: trap_request=0xffffff45 fr.pc=0x000002452dd4000c relative=0x000000000000112c
Event: 1630.748 Thread 0x000002450ed326c0 Uncommon trap: reason=unstable_if action=reinterpret pc=0x000002452dd4000c method=com.android.tools.r8.ir.optimize.y1.b(Lcom/android/tools/r8/internal/z51;)Lcom/android/tools/r8/internal/jv; @ 528 c2
Event: 1630.748 Thread 0x000002450ed326c0 DEOPT PACKING pc=0x000002452dd4000c sp=0x000000c4039fa7d0
Event: 1630.748 Thread 0x000002450ed326c0 DEOPT UNPACKING pc=0x000002452c214422 sp=0x000000c4039fa7c0 mode 2

Classes loaded (20 events):
Event: 1548.104 Loading class java/util/TreeMap$DescendingSubMap$DescendingEntrySetView
Event: 1548.105 Loading class java/util/TreeMap$DescendingSubMap$DescendingEntrySetView done
Event: 1548.105 Loading class java/util/TreeMap$NavigableSubMap$DescendingSubMapEntryIterator
Event: 1548.105 Loading class java/util/TreeMap$NavigableSubMap$DescendingSubMapEntryIterator done
Event: 1548.125 Loading class com/sun/org/apache/xerces/internal/dom/DeepNodeListImpl
Event: 1548.125 Loading class com/sun/org/apache/xerces/internal/dom/DeepNodeListImpl done
Event: 1565.868 Loading class java/util/concurrent/Executors$DelegatedScheduledExecutorService
Event: 1565.869 Loading class java/util/concurrent/Executors$DelegatedScheduledExecutorService done
Event: 1575.174 Loading class java/nio/file/FileChannelLinesSpliterator
Event: 1575.176 Loading class java/nio/file/FileChannelLinesSpliterator done
Event: 1575.177 Loading class java/io/BufferedReader$1
Event: 1575.178 Loading class java/io/BufferedReader$1 done
Event: 1575.217 Loading class java/util/stream/Streams$1
Event: 1575.218 Loading class java/util/stream/Streams$1 done
Event: 1575.218 Loading class java/nio/file/FileChannelLinesSpliterator$1
Event: 1575.219 Loading class java/nio/file/FileChannelLinesSpliterator$1 done
Event: 1627.880 Loading class java/nio/file/SimpleFileVisitor
Event: 1627.971 Loading class java/nio/file/SimpleFileVisitor done
Event: 1630.461 Loading class sun/rmi/transport/DGCClient$EndpointEntry$CleanRequest
Event: 1630.635 Loading class sun/rmi/transport/DGCClient$EndpointEntry$CleanRequest done

Classes unloaded (6 events):
Event: 1530.029 Thread 0x000002453b497520 Unloading class 0x000002453e781000 'java/lang/invoke/LambdaForm$DMH+0x000002453e781000'
Event: 1530.029 Thread 0x000002453b497520 Unloading class 0x000002453e780c00 'java/lang/invoke/LambdaForm$DMH+0x000002453e780c00'
Event: 1530.029 Thread 0x000002453b497520 Unloading class 0x000002453e780800 'java/lang/invoke/LambdaForm$DMH+0x000002453e780800'
Event: 1530.029 Thread 0x000002453b497520 Unloading class 0x000002453e780400 'java/lang/invoke/LambdaForm$DMH+0x000002453e780400'
Event: 1553.902 Thread 0x000002453b497520 Unloading class 0x000002453ea48800 'java/lang/invoke/LambdaForm$DMH+0x000002453ea48800'
Event: 1553.902 Thread 0x000002453b497520 Unloading class 0x000002453ea48400 'java/lang/invoke/LambdaForm$DMH+0x000002453ea48400'

Classes redefined (0 events):
No events

Internal exceptions (20 events):
Event: 1625.934 Thread 0x000002450ea74850 Exception <a 'sun/nio/fs/WindowsException'{0x000000072da018b8}> (0x000000072da018b8) 
thrown [s\src\hotspot\share\prims\jni.cpp, line 520]
Event: 1625.983 Thread 0x000002450ea74850 Exception <a 'sun/nio/fs/WindowsException'{0x000000072da044f8}> (0x000000072da044f8) 
thrown [s\src\hotspot\share\prims\jni.cpp, line 520]
Event: 1626.005 Thread 0x000002450ea74850 Exception <a 'sun/nio/fs/WindowsException'{0x000000072da07138}> (0x000000072da07138) 
thrown [s\src\hotspot\share\prims\jni.cpp, line 520]
Event: 1626.044 Thread 0x000002450ea74850 Exception <a 'sun/nio/fs/WindowsException'{0x000000072da09450}> (0x000000072da09450) 
thrown [s\src\hotspot\share\prims\jni.cpp, line 520]
Event: 1626.529 Thread 0x000002450ea74850 Exception <a 'sun/nio/fs/WindowsException'{0x00000007ff9c05f8}> (0x00000007ff9c05f8) 
thrown [s\src\hotspot\share\prims\jni.cpp, line 520]
Event: 1626.572 Thread 0x000002450ea74850 Exception <a 'sun/nio/fs/WindowsException'{0x00000007ff9c7918}> (0x00000007ff9c7918) 
thrown [s\src\hotspot\share\prims\jni.cpp, line 520]
Event: 1626.632 Thread 0x000002450ea74850 Exception <a 'sun/nio/fs/WindowsException'{0x00000007fd2062e8}> (0x00000007fd2062e8) 
thrown [s\src\hotspot\share\prims\jni.cpp, line 520]
Event: 1626.668 Thread 0x000002450ea74850 Exception <a 'sun/nio/fs/WindowsException'{0x00000007fd2087f8}> (0x00000007fd2087f8) 
thrown [s\src\hotspot\share\prims\jni.cpp, line 520]
Event: 1626.672 Thread 0x000002450ea74850 Exception <a 'sun/nio/fs/WindowsException'{0x0000000764103268}> (0x0000000764103268) 
thrown [s\src\hotspot\share\prims\jni.cpp, line 520]
Event: 1626.755 Thread 0x000002450ea74850 Exception <a 'sun/nio/fs/WindowsException'{0x0000000764105770}> (0x0000000764105770) 
thrown [s\src\hotspot\share\prims\jni.cpp, line 520]
Event: 1626.757 Thread 0x000002450ea74850 Exception <a 'sun/nio/fs/WindowsException'{0x0000000764107c88}> (0x0000000764107c88) 
thrown [s\src\hotspot\share\prims\jni.cpp, line 520]
Event: 1626.789 Thread 0x000002450ea74850 Exception <a 'sun/nio/fs/WindowsException'{0x000000076410a118}> (0x000000076410a118) 
thrown [s\src\hotspot\share\prims\jni.cpp, line 520]
Event: 1626.792 Thread 0x000002450ea74850 Exception <a 'sun/nio/fs/WindowsException'{0x000000076210c068}> (0x000000076210c068) 
thrown [s\src\hotspot\share\prims\jni.cpp, line 520]
Event: 1626.837 Thread 0x000002450ea74850 Exception <a 'sun/nio/fs/WindowsException'{0x000000076210e5b0}> (0x000000076210e5b0) 
thrown [s\src\hotspot\share\prims\jni.cpp, line 520]
Event: 1626.839 Thread 0x000002450ea74850 Exception <a 'sun/nio/fs/WindowsException'{0x0000000762110a60}> (0x0000000762110a60) 
thrown [s\src\hotspot\share\prims\jni.cpp, line 520]
Event: 1626.876 Thread 0x000002450ea74850 Exception <a 'sun/nio/fs/WindowsException'{0x0000000762112f78}> (0x0000000762112f78) 
thrown [s\src\hotspot\share\prims\jni.cpp, line 520]
Event: 1626.882 Thread 0x000002450ea74850 Exception <a 'sun/nio/fs/WindowsException'{0x0000000762115490}> (0x0000000762115490) 
thrown [s\src\hotspot\share\prims\jni.cpp, line 520]
Event: 1626.946 Thread 0x000002450ea74850 Exception <a 'sun/nio/fs/WindowsException'{0x0000000760f04df0}> (0x0000000760f04df0) 
thrown [s\src\hotspot\share\prims\jni.cpp, line 520]
Event: 1626.988 Thread 0x000002450ea74850 Exception <a 'sun/nio/fs/WindowsException'{0x0000000760f08728}> (0x0000000760f08728) 
thrown [s\src\hotspot\share\prims\jni.cpp, line 520]
Event: 1627.185 Thread 0x000002450ea74850 Exception <a 'sun/nio/fs/WindowsException'{0x000000075c2007f0}> (0x000000075c2007f0) 
thrown [s\src\hotspot\share\prims\jni.cpp, line 520]

ZGC Phase Switch (0 events):
No events

VM Operations (20 events):
Event: 1626.526 Executing safepoint VM operation: G1CollectForAllocation (G1 Evacuation Pause) done
Event: 1627.697 Executing non-safepoint VM operation: HandshakeAllThreads (Deoptimize)
Event: 1627.697 Executing non-safepoint VM operation: HandshakeAllThreads (Deoptimize) done
Event: 1627.697 Executing safepoint VM operation: Cleanup
Event: 1627.698 Executing safepoint VM operation: Cleanup done
Event: 1628.619 Executing safepoint VM operation: G1CollectForAllocation (G1 Evacuation Pause)
Event: 1628.790 Executing safepoint VM operation: G1CollectForAllocation (G1 Evacuation Pause) done
Event: 1629.594 Executing safepoint VM operation: G1PauseRemark
Event: 1630.335 Executing safepoint VM operation: G1PauseRemark done
Event: 1630.795 Executing safepoint VM operation: G1PauseCleanup
Event: 1630.839 Executing safepoint VM operation: G1PauseCleanup done
Event: 1631.583 Executing safepoint VM operation: G1CollectForAllocation (G1 Evacuation Pause)
Event: 1631.710 Executing safepoint VM operation: G1CollectForAllocation (G1 Evacuation Pause) done
Event: 1631.783 Executing safepoint VM operation: G1CollectForAllocation (G1 Evacuation Pause)
Event: 1632.671 Executing safepoint VM operation: G1CollectForAllocation (G1 Evacuation Pause) done
Event: 1632.805 Executing safepoint VM operation: G1CollectForAllocation (G1 Evacuation Pause)
Event: 1632.906 Executing safepoint VM operation: G1CollectForAllocation (G1 Evacuation Pause) done
Event: 1633.027 Executing safepoint VM operation: G1CollectForAllocation (G1 Evacuation Pause)
Event: 1633.566 Executing safepoint VM operation: G1CollectForAllocation (G1 Evacuation Pause) done
Event: 1633.696 Executing safepoint VM operation: G1CollectForAllocation (G1 Evacuation Pause)

Memory protections (0 events):
No events

Nmethod flushes (20 events):
Event: 1630.288 Thread 0x000002453b497520 flushing  nmethod 0x00000245250aad10
Event: 1630.288 Thread 0x000002453b497520 flushing  nmethod 0x000002452514bc90
Event: 1630.288 Thread 0x000002453b497520 flushing osr nmethod 0x0000024525226a90
Event: 1630.288 Thread 0x000002453b497520 flushing  nmethod 0x0000024525229690
Event: 1630.288 Thread 0x000002453b497520 flushing  nmethod 0x00000245252d0a90
Event: 1630.288 Thread 0x000002453b497520 flushing  nmethod 0x000002452535ca10
Event: 1630.288 Thread 0x000002453b497520 flushing  nmethod 0x0000024525365590
Event: 1630.288 Thread 0x000002453b497520 flushing  nmethod 0x0000024525367510
Event: 1630.288 Thread 0x000002453b497520 flushing  nmethod 0x0000024525367e10
Event: 1630.288 Thread 0x000002453b497520 flushing  nmethod 0x00000245253ef510
Event: 1630.288 Thread 0x000002453b497520 flushing  nmethod 0x00000245253f5a10
Event: 1630.288 Thread 0x000002453b497520 flushing  nmethod 0x0000024525510e10
Event: 1630.288 Thread 0x000002453b497520 flushing  nmethod 0x0000024525515890
Event: 1630.288 Thread 0x000002453b497520 flushing  nmethod 0x000002452557cf90
Event: 1630.288 Thread 0x000002453b497520 flushing  nmethod 0x0000024525588010
Event: 1630.288 Thread 0x000002453b497520 flushing  nmethod 0x0000024525588590
Event: 1630.288 Thread 0x000002453b497520 flushing  nmethod 0x000002452565eb90
Event: 1630.288 Thread 0x000002453b497520 flushing osr nmethod 0x000002452565f610
Event: 1630.288 Thread 0x000002453b497520 flushing  nmethod 0x0000024525669610
Event: 1630.288 Thread 0x000002453b497520 flushing  nmethod 0x000002452566c990

Events (20 events):
Event: 1587.707 Thread 0x000002450ea72e10 Thread exited: 0x000002450ea72e10
Event: 1615.305 Thread 0x00000245130db570 Thread exited: 0x00000245130db570
Event: 1615.895 Thread 0x000002450d8af520 Thread exited: 0x000002450d8af520
Event: 1616.308 Thread 0x000002453b4c31f0 Thread added: 0x00000245130db570
Event: 1616.634 Thread 0x00000245130db570 Thread exited: 0x00000245130db570
Event: 1617.333 Thread 0x000002453b4c31f0 Thread added: 0x00000245130db570
Event: 1618.109 Thread 0x00000245130db570 Thread exited: 0x00000245130db570
Event: 1618.522 Thread 0x000002453b4c31f0 Thread added: 0x00000245130db570
Event: 1619.997 Thread 0x00000245130db570 Thread exited: 0x00000245130db570
Event: 1620.407 Thread 0x000002453b4c31f0 Thread added: 0x00000245130de520
Event: 1621.659 Thread 0x00000245130de520 Thread exited: 0x00000245130de520
Event: 1623.048 Thread 0x000002453b4c31f0 Thread added: 0x00000245130de520
Event: 1623.839 Thread 0x000002453b4c31f0 Thread added: 0x00000245130db570
Event: 1627.160 Thread 0x00000245130db570 Thread exited: 0x00000245130db570
Event: 1627.711 Thread 0x00000245130de520 Thread exited: 0x00000245130de520
Event: 1627.979 Thread 0x000002453b4d2bb0 Thread added: 0x000002450d8aee50
Event: 1628.529 Thread 0x000002450d8aee50 Thread exited: 0x000002450d8aee50
Event: 1630.569 Thread 0x000002453b4c31f0 Thread added: 0x000002450d8aee50
Event: 1630.850 Thread 0x000002450d8aee50 Thread exited: 0x000002450d8aee50
Event: 1631.268 Thread 0x000002457e9c13a0 Thread exited: 0x000002457e9c13a0


Dynamic libraries:
0x00007ff60e460000 - 0x00007ff60e46e000 	C:\Users\Admin\.gradle\jdks\azul_systems__inc_-21-amd64-windows.2\bin\java.exe
0x00007ff989d60000 - 0x00007ff989fc7000 	C:\WINDOWS\SYSTEM32\ntdll.dll
0x00007ff988860000 - 0x00007ff98892b000 	C:\WINDOWS\System32\KERNEL32.DLL
0x00007ff987170000 - 0x00007ff987572000 	C:\WINDOWS\System32\KERNELBASE.dll
0x00007ff986f60000 - 0x00007ff9870ac000 	C:\WINDOWS\System32\ucrtbase.dll
0x00007ff97a9e0000 - 0x00007ff97a9fe000 	C:\Users\Admin\.gradle\jdks\azul_systems__inc_-21-amd64-windows.2\bin\VCRUNTIME140.dll
0x00007ff97e9e0000 - 0x00007ff97e9f9000 	C:\Users\Admin\.gradle\jdks\azul_systems__inc_-21-amd64-windows.2\bin\jli.dll
0x00007ff988bd0000 - 0x00007ff988d9f000 	C:\WINDOWS\System32\USER32.dll
0x00007ff9877a0000 - 0x00007ff9877c7000 	C:\WINDOWS\System32\win32u.dll
0x00007ff96cb00000 - 0x00007ff96cd90000 	C:\WINDOWS\WinSxS\amd64_microsoft.windows.common-controls_6595b64144ccf1df_6.0.26100.9278_none_3e0d1ba8e3303201\COMCTL32.dll
0x00007ff987a80000 - 0x00007ff987aab000 	C:\WINDOWS\System32\GDI32.dll
0x00007ff987b40000 - 0x00007ff987be9000 	C:\WINDOWS\System32\msvcrt.dll
0x00007ff987890000 - 0x00007ff9879b9000 	C:\WINDOWS\System32\gdi32full.dll
0x00007ff9870c0000 - 0x00007ff987163000 	C:\WINDOWS\System32\msvcp_win.dll
0x00007ff9886a0000 - 0x00007ff9886d1000 	C:\WINDOWS\System32\IMM32.DLL
0x00007ff982eb0000 - 0x00007ff982ebc000 	C:\Users\Admin\.gradle\jdks\azul_systems__inc_-21-amd64-windows.2\bin\vcruntime140_1.dll
0x00007ff961ee0000 - 0x00007ff961f6d000 	C:\Users\Admin\.gradle\jdks\azul_systems__inc_-21-amd64-windows.2\bin\msvcp140.dll
0x00007ff91ee70000 - 0x00007ff91fc58000 	C:\Users\Admin\.gradle\jdks\azul_systems__inc_-21-amd64-windows.2\bin\server\jvm.dll
0x00007ff989440000 - 0x00007ff9894fc000 	C:\WINDOWS\System32\ADVAPI32.dll
0x00007ff989a30000 - 0x00007ff989ad9000 	C:\WINDOWS\System32\sechost.dll
0x00007ff988f60000 - 0x00007ff989078000 	C:\WINDOWS\System32\RPCRT4.dll
0x00007ff989510000 - 0x00007ff989590000 	C:\WINDOWS\System32\WS2_32.dll
0x00007ff986dc0000 - 0x00007ff986e1e000 	C:\WINDOWS\SYSTEM32\POWRPROF.dll
0x00007ff9689b0000 - 0x00007ff9689e6000 	C:\WINDOWS\SYSTEM32\WINMM.dll
0x00007ff97ac20000 - 0x00007ff97ac2b000 	C:\WINDOWS\SYSTEM32\VERSION.dll
0x00007ff986da0000 - 0x00007ff986db5000 	C:\WINDOWS\SYSTEM32\UMPDC.dll
0x00007ff985bf0000 - 0x00007ff985c0b000 	C:\WINDOWS\SYSTEM32\kernel.appcore.dll
0x00007ff97a970000 - 0x00007ff97a97a000 	C:\Users\Admin\.gradle\jdks\azul_systems__inc_-21-amd64-windows.2\bin\jimage.dll
0x00007ff984650000 - 0x00007ff98489c000 	C:\WINDOWS\SYSTEM32\DBGHELP.DLL
0x00007ff9890b0000 - 0x00007ff989435000 	C:\WINDOWS\System32\combase.dll
0x00007ff988af0000 - 0x00007ff988bc9000 	C:\WINDOWS\System32\OLEAUT32.dll
0x00007ff96fd40000 - 0x00007ff96fd7b000 	C:\WINDOWS\SYSTEM32\dbgcore.DLL
0x00007ff9879c0000 - 0x00007ff987a6c000 	C:\WINDOWS\System32\bcryptPrimitives.dll
0x00007ff97a960000 - 0x00007ff97a970000 	C:\Users\Admin\.gradle\jdks\azul_systems__inc_-21-amd64-windows.2\bin\instrument.dll
0x00007ff96dca0000 - 0x00007ff96dcc2000 	C:\Users\Admin\.gradle\jdks\azul_systems__inc_-21-amd64-windows.2\bin\java.dll
0x00007ff987f00000 - 0x00007ff988698000 	C:\WINDOWS\System32\SHELL32.dll
0x00007ff9849a0000 - 0x00007ff98524e000 	C:\WINDOWS\SYSTEM32\windows.storage.dll
0x00007ff989c20000 - 0x00007ff989d1b000 	C:\WINDOWS\System32\SHCORE.dll
0x00007ff9887f0000 - 0x00007ff988856000 	C:\WINDOWS\System32\shlwapi.dll
0x00007ff986e80000 - 0x00007ff986ea9000 	C:\WINDOWS\SYSTEM32\profapi.dll
0x00007ff95a820000 - 0x00007ff95a8f7000 	C:\Users\Admin\.gradle\jdks\azul_systems__inc_-21-amd64-windows.2\bin\jsvml.dll
0x00007ff972e90000 - 0x00007ff972ea8000 	C:\Users\Admin\.gradle\jdks\azul_systems__inc_-21-amd64-windows.2\bin\zip.dll
0x00007ff96de10000 - 0x00007ff96de22000 	C:\Users\Admin\.gradle\jdks\azul_systems__inc_-21-amd64-windows.2\bin\net.dll
0x00007ff97a670000 - 0x00007ff97a79a000 	C:\WINDOWS\SYSTEM32\WINHTTP.dll
0x00007ff986190000 - 0x00007ff9861fc000 	C:\WINDOWS\system32\mswsock.dll
0x00007ff96dc80000 - 0x00007ff96dc96000 	C:\Users\Admin\.gradle\jdks\azul_systems__inc_-21-amd64-windows.2\bin\nio.dll
0x00007ff97a950000 - 0x00007ff97a960000 	C:\Users\Admin\.gradle\jdks\azul_systems__inc_-21-amd64-windows.2\bin\verify.dll
0x00007ff97aa00000 - 0x00007ff97aa27000 	C:\Users\Admin\.gradle\native\1def1411415f61bf3af743bc5b6707747c0891f09f0c88961ee8f79bc544acac\windows-amd64\native-platform.dll
0x00007ff94e530000 - 0x00007ff94e5a7000 	C:\Users\Admin\.gradle\native\0.2.8\x86_64-windows-gnu\gradle-fileevents.dll
0x00007ff975c00000 - 0x00007ff975c0a000 	C:\Users\Admin\.gradle\jdks\azul_systems__inc_-21-amd64-windows.2\bin\management.dll
0x00007ff973070000 - 0x00007ff97307c000 	C:\Users\Admin\.gradle\jdks\azul_systems__inc_-21-amd64-windows.2\bin\management_ext.dll
0x00007ff987d10000 - 0x00007ff987d18000 	C:\WINDOWS\System32\PSAPI.DLL
0x00007ff9855a0000 - 0x00007ff9855d3000 	C:\WINDOWS\SYSTEM32\IPHLPAPI.DLL
0x00007ff987c10000 - 0x00007ff987c1a000 	C:\WINDOWS\System32\NSI.dll
0x00007ff972e10000 - 0x00007ff972e19000 	C:\Users\Admin\.gradle\jdks\azul_systems__inc_-21-amd64-windows.2\bin\extnet.dll
0x00007ff9865b0000 - 0x00007ff9865cb000 	C:\WINDOWS\SYSTEM32\CRYPTSP.dll
0x00007ff985b50000 - 0x00007ff985b89000 	C:\WINDOWS\system32\rsaenh.dll
0x00007ff986240000 - 0x00007ff986274000 	C:\WINDOWS\SYSTEM32\USERENV.dll
0x00007ff986e50000 - 0x00007ff986e7a000 	C:\WINDOWS\SYSTEM32\bcrypt.dll
0x00007ff9863f0000 - 0x00007ff9863fc000 	C:\WINDOWS\SYSTEM32\CRYPTBASE.dll
0x00007ff96f840000 - 0x00007ff96f84e000 	C:\Users\Admin\.gradle\jdks\azul_systems__inc_-21-amd64-windows.2\bin\sunmscapi.dll
0x00007ff987580000 - 0x00007ff9876fe000 	C:\WINDOWS\System32\CRYPT32.dll
0x00007ff986720000 - 0x00007ff986750000 	C:\WINDOWS\SYSTEM32\ncrypt.dll
0x00007ff9866d0000 - 0x00007ff98670f000 	C:\WINDOWS\SYSTEM32\NTASN1.dll
0x00007ff97e730000 - 0x00007ff97e738000 	C:\WINDOWS\system32\wshunix.dll
0x00007ff985d20000 - 0x00007ff985d56000 	C:\WINDOWS\SYSTEM32\ntmarta.dll
0x00007ff975b20000 - 0x00007ff975b27000 	C:\Users\Admin\.gradle\jdks\azul_systems__inc_-21-amd64-windows.2\bin\rmi.dll
0x00007ff982f00000 - 0x00007ff982f9f000 	C:\WINDOWS\system32\apphelp.dll

JVMTI agents:
C:\Users\Admin\.gradle\wrapper\dists\gradle-9.1.0-bin\9agqghryom9wkf8r80qlhnts3\gradle-9.1.0\lib\agents\gradle-instrumentation-agent-9.1.0.jar path:C:\Users\Admin\.gradle\jdks\azul_systems__inc_-21-amd64-windows.2\bin\instrument.dll, loaded, initialized, instrumentlib options:none

dbghelp: loaded successfully - version: 4.0.5 - missing functions: none
symbol engine: initialized successfully - sym options: 0x614 - pdb path: .;C:\Users\Admin\.gradle\jdks\azul_systems__inc_-21-amd64-windows.2\bin;C:\WINDOWS\SYSTEM32;C:\WINDOWS\WinSxS\amd64_microsoft.windows.common-controls_6595b64144ccf1df_6.0.26100.9278_none_3e0d1ba8e3303201;C:\Users\Admin\.gradle\jdks\azul_systems__inc_-21-amd64-windows.2\bin\server;C:\Users\Admin\.gradle\native\1def1411415f61bf3af743bc5b6707747c0891f09f0c88961ee8f79bc544acac\windows-amd64;C:\Users\Admin\.gradle\native\0.2.8\x86_64-windows-gnu

VM Arguments:
jvm_args: --add-opens=java.base/java.lang=ALL-UNNAMED --add-opens=java.base/java.lang.invoke=ALL-UNNAMED --add-opens=java.base/java.util=ALL-UNNAMED --add-opens=java.prefs/java.util.prefs=ALL-UNNAMED --add-exports=jdk.compiler/com.sun.tools.javac.api=ALL-UNNAMED --add-exports=jdk.compiler/com.sun.tools.javac.util=ALL-UNNAMED --add-opens=java.base/java.util=ALL-UNNAMED --add-opens=java.prefs/java.util.prefs=ALL-UNNAMED --add-opens=java.base/java.nio.charset=ALL-UNNAMED --add-opens=java.base/java.net=ALL-UNNAMED --add-opens=java.base/java.util.concurrent=ALL-UNNAMED --add-opens=java.base/java.util.concurrent.atomic=ALL-UNNAMED --add-opens=java.xml/javax.xml.namespace=ALL-UNNAMED --add-opens=java.base/java.time=ALL-UNNAMED -Xmx4096M -Dfile.encoding=UTF-8 -Duser.country=ES -Duser.language=es -Duser.variant -javaagent:C:\Users\Admin\.gradle\wrapper\dists\gradle-9.1.0-bin\9agqghryom9wkf8r80qlhnts3\gradle-9.1.0\lib\agents\gradle-instrumentation-agent-9.1.0.jar 
java_command: org.gradle.launcher.daemon.bootstrap.GradleDaemon 9.1.0
java_class_path (initial): C:\Users\Admin\.gradle\wrapper\dists\gradle-9.1.0-bin\9agqghryom9wkf8r80qlhnts3\gradle-9.1.0\lib\gradle-daemon-main-9.1.0.jar
Launcher Type: SUN_STANDARD

[Global flags]
     intx CICompilerCount                          = 4                                         {product} {ergonomic}
     uint ConcGCThreads                            = 2                                         {product} {ergonomic}
     uint G1ConcRefinementThreads                  = 8                                         {product} {ergonomic}
   size_t G1HeapRegionSize                         = 2097152                                   {product} {ergonomic}
    uintx GCDrainStackTargetSize                   = 64                                        {product} {ergonomic}
   size_t InitialHeapSize                          = 134217728                                 {product} {ergonomic}
   size_t MarkStackSize                            = 4194304                                   {product} {ergonomic}
   size_t MaxHeapSize                              = 4294967296                                {product} {command line}
   size_t MaxNewSize                               = 2575302656                                {product} {ergonomic}
   size_t MinHeapDeltaBytes                        = 2097152                                   {product} {ergonomic}
   size_t MinHeapSize                              = 8388608                                   {product} {ergonomic}
    uintx NonNMethodCodeHeapSize                   = 5839372                                {pd product} {ergonomic}
    uintx NonProfiledCodeHeapSize                  = 122909434                              {pd product} {ergonomic}
    uintx ProfiledCodeHeapSize                     = 122909434                              {pd product} {ergonomic}
    uintx ReservedCodeCacheSize                    = 251658240                              {pd product} {ergonomic}
     bool SegmentedCodeCache                       = true                                      {product} {ergonomic}
   size_t SoftMaxHeapSize                          = 4294967296                             {manageable} {ergonomic}
     bool UseCompressedOops                        = true                           {product lp64_product} {ergonomic}
     bool UseG1GC                                  = true                                      {product} {ergonomic}
     bool UseLargePagesIndividualAllocation        = false                                  {pd product} {ergonomic}

Logging:
Log output configuration:
 #0: stdout all=warning uptime,level,tags foldmultilines=false
 #1: stderr all=off uptime,level,tags foldmultilines=false

Release file:
IMPLEMENTOR="Azul Systems, Inc." 
IMPLEMENTOR_VERSION="Zulu21.50+19-CA" 
JAVA_RUNTIME_VERSION="21.0.11+10-LTS" 
JAVA_VERSION="21.0.11" 
JAVA_VERSION_DATE="2026-04-21" 
LIBC="default" 
MODULES="java.base com.azul.tooling java.logging java.management java.security.sasl java.naming jdk.jfr com.azul.crs.client java.compiler java.datatransfer java.xml java.prefs java.desktop java.instrument java.rmi java.management.rmi java.net.http java.scripting java.security.jgss java.transaction.xa java.sql java.sql.rowset java.xml.crypto java.se java.smartcardio javafx.base jdk.unsupported javafx.graphics javafx.controls javafx.fxml javafx.media jdk.unsupported.desktop javafx.swing jdk.jsobject jdk.xml.dom javafx.web jdk.accessibility jdk.internal.jvmstat jdk.attach jdk.charsets jdk.internal.opt jdk.zipfs jdk.compiler jdk.crypto.ec jdk.crypto.cryptoki jdk.crypto.mscapi jdk.dynalink jdk.internal.ed jdk.editpad jdk.hotspot.agent jdk.httpserver jdk.incubator.vector jdk.internal.le jdk.internal.vm.ci jdk.internal.vm.compiler jdk.internal.vm.compiler.management jdk.jartool jdk.javadoc jdk.jcmd jdk.management jdk.management.agent jdk.jconsole jdk.jdeps jdk.jdwp.agent jdk.jdi jdk.jlink jdk.jpackage jdk.jshell jdk.jstatd jdk.localedata jdk.management.jfr jdk.naming.dns jdk.naming.rmi jdk.net jdk.nio.mapmode jdk.random jdk.sctp jdk.security.auth jdk.security.jgss" 
OS_ARCH="x86_64" 
OS_NAME="Windows" 
SOURCE=".:git:ffff125054c5+" 

Environment Variables:
PATH=C:\WINDOWS\system32;C:\WINDOWS;C:\WINDOWS\System32\Wbem;C:\WINDOWS\System32\WindowsPowerShell\v1.0\;C:\WINDOWS\System32\OpenSSH\;C:\Program Files (x86)\010 Editor;C:\Users\Admin\AppData\Local\Microsoft\WindowsApps;C:\adb;C:\WINDOWS\system32;C:\WINDOWS;C:\WINDOWS\System32\Wbem;C:\WINDOWS\System32\WindowsPowerShell\v1.0\;C:\WINDOWS\System32\OpenSSH\;C:\Program Files\Microsoft SQL Server\150\Tools\Binn\;C:\Program Files\Microsoft SQL Server\Client SDK\ODBC\170\Tools\Binn\;C:\Program Files\Git\cmd;C:\Program Files\dotnet\;C:\Program Files (x86)\Windows Kits\10\Windows Performance Toolkit\;C:\Program Files (x86)\Microsoft SQL Server\160\Tools\Binn\;C:\Program Files\Microsoft SQL Server\160\Tools\Binn\;C:\Program Files\Microsoft SQL Server\160\DTS\Binn\;C:\Program Files (x86)\Microsoft SQL Server\160\DTS\Binn\;C:\Program Files\nodejs\;C:\Users\Admin\AppData\Local\Programs\Python\Python313\Scripts\;C:\Users\Admin\AppData\Local\Programs\Python\Python313\;C:\Users\Admin\AppData\Local\Programs\Python\Launcher\;C:\Users\Admin\AppData\Local\Microsoft\WindowsApps;C:\Users\Admin\AppData\Local\Programs\Microsoft VS Code\bin;C:\Users\Admin\.dotnet\tools;C:\Users\Admin\AppData\Local\Microsoft\WinGet\Links;C:\Users\Admin\AppData\Roaming\npm
USERNAME=hp
OS=Windows_NT
PROCESSOR_IDENTIFIER=Intel64 Family 6 Model 142 Stepping 12, GenuineIntel
TMP=C:\Users\Admin\AppData\Local\Temp
TEMP=C:\Users\Admin\AppData\Local\Temp




Periodic native trim disabled

---------------  S Y S T E M  ---------------

OS:
 Windows 11 , 64 bit Build 26100 (10.0.26100.9444)
OS uptime: 13 days 1:04 hours
Hyper-V role detected

CPU: total 8 (initial active 8) (4 cores per cpu, 2 threads per core) family 6 model 142 stepping 12 microcode 0xde, cx8, cmov, fxsr, ht, mmx, 3dnowpref, sse, sse2, sse3, ssse3, sse4.1, sse4.2, popcnt, lzcnt, tsc, tscinvbit, avx, avx2, aes, erms, clmul, bmi1, bmi2, adx, fma, vzeroupper, clflush, clflushopt, hv, rdtscp, f16c
Processor Information for the first 8 processors :
  Max Mhz: 1992, Current Mhz: 1792, Mhz Limit: 1792

Memory: 4k page, system-wide physical 8078M (807M free)
TotalPageFile size 17187M (AvailPageFile size 1280M)
current process WorkingSet (physical memory assigned to process): 1694M, peak: 2142M
current process commit charge ("private bytes"): 2343M, peak: 3305M

vm_info: OpenJDK 64-Bit Server VM (21.0.11+10-LTS) for windows-amd64 JRE (21.0.11+10-LTS) (Zulu21.50+19-CA), built on 2026-04-17T20:44:27Z by "zulu_re" with MS VC++ 17.1 (VS2022)

END.
